IncidentID,num_vehicles_involved,eCollisionManner,Longitude,Latitude,InjurySeverity,eIntersectionType,eCollisionManner,city_name,IncidentDateTime,cyclist_citations,driver_citations
2705585,2,OTHER_97,-112.142523084611,33.5675263935769,2,UNKNOWN_99,OTHER_97,PHOENIX,2013-01-18 07:49:00,NO_IMPROPER_ACTION,FAILED_TO_YIELD_RIGHT_OF_WAY_103
2705712,2,ANGLE_FRONT_TO_SIDE,-112.041376610129,33.5310169002069,3,UNKNOWN_99,ANGLE_FRONT_TO_SIDE,PHOENIX,2013-01-22 08:49:00,OTHER_97,NO_IMPROPER_ACTION
2705783,2,OTHER_97,-112.461493887808,33.4646726245863,1,FOUR_WAY_INTERSECTION,OTHER_97,UNSPECIFIED_999,2013-02-17 19:10:00,DISREGARDED_TRAFFIC_SIGNAL,NO_IMPROPER_ACTION
2705840,2,ANGLE_FRONT_TO_SIDE,-112.094858391235,33.3842739159678,3,T_INTERSECTION,ANGLE_FRONT_TO_SIDE,PHOENIX,2013-01-26 00:35:00,INATTENTION_DISTRACTION,NO_IMPROPER_ACTION
2705865,2,ANGLE_FRONT_TO_SIDE,-111.877573690543,33.3673747055081,1,FOUR_WAY_INTERSECTION,ANGLE_FRONT_TO_SIDE,MESA,2013-03-04 15:09:00,INATTENTION_DISTRACTION,INATTENTION_DISTRACTION
2705877,2,ANGLE_FRONT_TO_SIDE,-112.034411143272,33.3914684890762,3,T_INTERSECTION,ANGLE_FRONT_TO_SIDE,PHOENIX,2013-01-28 17:29:00,FAILED_TO_YIELD_RIGHT_OF_WAY_103,NO_IMPROPER_ACTION
2705909,2,LEFT_TURN,-112.142956616365,33.4803397049301,3,UNKNOWN_99,LEFT_TURN,PHOENIX,2013-02-07 17:20:00,INATTENTION_DISTRACTION,MADE_IMPROPER_TURN
2705965,2,SIDESWIPE_SAME_DIRECTION,-110.926679315083,32.2285622241771,2,FOUR_WAY_INTERSECTION,SIDESWIPE_SAME_DIRECTION,TUCSON,2013-02-05 14:01:00,OTHER_UNSAFE_PASSING,NO_IMPROPER_ACTION
2705975,2,ANGLE_FRONT_TO_SIDE,-110.87511612137,32.2104624608088,1,T_INTERSECTION,ANGLE_FRONT_TO_SIDE,TUCSON,2013-02-06 08:00:00,FAILED_TO_YIELD_RIGHT_OF_WAY_103,NOT_APPLICABLE_MINUS_1+NO_IMPROPER_ACTION
2706008,2,ANGLE_FRONT_TO_SIDE,-111.782581000301,33.3802892311646,3,FOUR_WAY_INTERSECTION,ANGLE_FRONT_TO_SIDE,MESA,2013-03-08 20:48:00,OTHER_97,NO_IMPROPER_ACTION
2706013,2,OTHER_97,-110.95231994075,32.2646648340878,2,UNKNOWN_99,OTHER_97,TUCSON,2013-02-05 07:34:00,NO_IMPROPER_ACTION,MADE_IMPROPER_TURN
2706067,2,ANGLE_FRONT_TO_SIDE,-111.72773952796,33.4083340687717,2,T_INTERSECTION,ANGLE_FRONT_TO_SIDE,MESA,2013-03-12 15:11:00,NO_IMPROPER_ACTION,INATTENTION_DISTRACTION
2706090,2,ANGLE_FRONT_TO_SIDE,-110.870806684238,32.201111419283,3,FOUR_WAY_INTERSECTION,ANGLE_FRONT_TO_SIDE,TUCSON,2013-02-05 15:52:00,UNKNOWN_99,UNKNOWN_99
2706113,2,ANGLE_FRONT_TO_SIDE,-112.025339228661,33.6285158304054,3,FOUR_WAY_INTERSECTION,ANGLE_FRONT_TO_SIDE,PHOENIX,2013-02-02 14:04:00,DID_NOT_USE_CROSSWALK,NOT_APPLICABLE_MINUS_1+NO_IMPROPER_ACTION
2706115,2,ANGLE_FRONT_TO_SIDE,-112.134550464501,33.4296607976348,3,T_INTERSECTION,ANGLE_FRONT_TO_SIDE,PHOENIX,2013-02-02 13:11:00,NO_IMPROPER_ACTION,FAILED_TO_YIELD_RIGHT_OF_WAY_103
2706135,2,ANGLE_FRONT_TO_SIDE,-110.946097504042,32.2360394324389,3,T_INTERSECTION,ANGLE_FRONT_TO_SIDE,TUCSON,2013-02-04 13:31:00,NO_IMPROPER_ACTION,INATTENTION_DISTRACTION
2706142,2,ANGLE_FRONT_TO_SIDE,-110.959553931833,32.2447185376038,2,UNKNOWN_99,ANGLE_FRONT_TO_SIDE,TUCSON,2013-02-04 16:29:00,INATTENTION_DISTRACTION,NO_IMPROPER_ACTION
2706149,2,SIDESWIPE_SAME_DIRECTION,-112.568387814361,33.3775821407802,2,UNKNOWN_99,SIDESWIPE_SAME_DIRECTION,UNSPECIFIED_999,2013-02-23 18:48:00,NO_IMPROPER_ACTION,INATTENTION_DISTRACTION
2706188,2,OTHER_97,-112.340880251305,33.499305941064,1,T_INTERSECTION,OTHER_97,UNSPECIFIED_999,2013-01-18 16:25:00,NO_IMPROPER_ACTION,FAILED_TO_YIELD_RIGHT_OF_WAY_103
2706200,2,OTHER_97,-110.249220361971,31.5328047680997,4,FOUR_WAY_INTERSECTION,OTHER_97,SIERRA VISTA,2013-03-11 18:17:00,MADE_IMPROPER_TURN,NOT_APPLICABLE_MINUS_1+NOT_APPLICABLE_MINUS_1+NO_IMPROPER_ACTION
2706213,2,SIDESWIPE_OPPOSITE_DIRECTION,-111.918184650115,33.8222887493121,1,UNKNOWN_99,SIDESWIPE_OPPOSITE_DIRECTION,CAREFREE,2013-02-03 14:20:00,NO_IMPROPER_ACTION,INATTENTION_DISTRACTION
2706232,2,SIDESWIPE_SAME_DIRECTION,-111.763346066013,34.8659464447631,3,ROUNDABOUT,SIDESWIPE_SAME_DIRECTION,SEDONA,2013-03-15 12:32:00,UNSAFE_LANE_CHANGE,NO_IMPROPER_ACTION
2706244,2,ANGLE_FRONT_TO_SIDE,0,0,3,UNKNOWN_99,ANGLE_FRONT_TO_SIDE,TUCSON,2013-03-04 10:59:00,NO_IMPROPER_ACTION,SPEED_TOO_FAST_FOR_CONDITIONS
2706394,2,REAR_END,-112.139543075762,33.8367655645733,1,FOUR_WAY_INTERSECTION,REAR_END,UNSPECIFIED_999,2013-02-05 06:42:00,NO_IMPROPER_ACTION,INATTENTION_DISTRACTION
2706402,2,OTHER_97,-111.640544658615,33.3791304095925,2,UNKNOWN_99,OTHER_97,MESA,2013-03-04 15:06:00,OTHER_97,NO_IMPROPER_ACTION
2706444,2,ANGLE_FRONT_TO_SIDE,-111.722244623549,33.3069414749952,1,T_INTERSECTION,ANGLE_FRONT_TO_SIDE,GILBERT,2013-03-14 12:46:00,NO_IMPROPER_ACTION,INATTENTION_DISTRACTION
2706457,2,ANGLE_FRONT_TO_SIDE,-111.768622274885,33.3279378362298,3,FOUR_WAY_INTERSECTION,ANGLE_FRONT_TO_SIDE,GILBERT,2013-03-16 08:47:00,RAN_STOP_SIGN,NO_IMPROPER_ACTION
2706469,2,ANGLE_FRONT_TO_SIDE,-111.832145717981,33.4349520237335,2,UNKNOWN_99,ANGLE_FRONT_TO_SIDE,MESA,2013-03-07 16:35:00,DROVE_RODE_IN_OPPOSING_TRAFFIC_LANE,NOT_APPLICABLE_MINUS_1+NO_IMPROPER_ACTION+NOT_APPLICABLE_MINUS_1+NOT_APPLICABLE_MINUS_1+NOT_APPLICABLE_MINUS_1
2706506,2,OTHER_97,-110.89228215864,32.2362015456964,3,T_INTERSECTION,OTHER_97,TUCSON,2013-02-02 11:30:00,DROVE_RODE_IN_OPPOSING_TRAFFIC_LANE,NO_IMPROPER_ACTION
2706581,2,OTHER_97,-111.546046222894,33.4126341530048,2,FOUR_WAY_INTERSECTION,OTHER_97,APACHE JUNCTION,2013-03-04 15:54:00,NO_IMPROPER_ACTION,FAILED_TO_KEEP_IN_PROPER_LANE
2706599,2,ANGLE_FRONT_TO_SIDE,-111.817105716872,33.404650362294,1,UNKNOWN_99,ANGLE_FRONT_TO_SIDE,MESA,2013-03-02 18:32:00,SPEED_TOO_FAST_FOR_CONDITIONS,NO_IMPROPER_ACTION
2706622,2,OTHER_97,-110.950853214544,32.2348625003627,3,FOUR_WAY_INTERSECTION,OTHER_97,TUCSON,2013-03-19 10:23:00,DISREGARDED_TRAFFIC_SIGNAL,NO_IMPROPER_ACTION
2706701,2,UNKNOWN_99,-112.01261731922,33.3861245992672,4,UNKNOWN_99,UNKNOWN_99,PHOENIX,2013-01-16 06:56:00,UNKNOWN_99,UNKNOWN_99+NOT_APPLICABLE_MINUS_1
2706708,2,OTHER_97,-112.09962281448,33.5667378415563,2,UNKNOWN_99,OTHER_97,PHOENIX,2013-01-19 15:24:00,NO_IMPROPER_ACTION,FAILED_TO_YIELD_RIGHT_OF_WAY_103+NOT_APPLICABLE_MINUS_1
2706724,2,ANGLE_FRONT_TO_SIDE,-112.130131179565,33.553102242541,2,FOUR_WAY_INTERSECTION,ANGLE_FRONT_TO_SIDE,PHOENIX,2013-01-30 23:31:00,NO_IMPROPER_ACTION,UNKNOWN_99
2706789,2,ANGLE_FRONT_TO_SIDE,-112.061013883769,33.4938246896662,2,FOUR_WAY_INTERSECTION,ANGLE_FRONT_TO_SIDE,PHOENIX,2013-01-30 18:45:00,FAILED_TO_YIELD_RIGHT_OF_WAY_103,NO_IMPROPER_ACTION
2706799,2,SIDESWIPE_SAME_DIRECTION,-112.06499896639,33.5167485029557,3,NOT_AT_INTERSECTION_0,SIDESWIPE_SAME_DIRECTION,PHOENIX,2013-01-30 17:36:00,FAILED_TO_YIELD_RIGHT_OF_WAY_103,NOT_APPLICABLE_MINUS_1+NO_IMPROPER_ACTION
2706959,2,SIDESWIPE_SAME_DIRECTION,-111.087255581503,33.3037775085427,3,NOT_AT_INTERSECTION_0,SIDESWIPE_SAME_DIRECTION,UNSPECIFIED_999,2013-03-20 13:24:00,UNKNOWN_99,UNKNOWN_99+NOT_APPLICABLE_MINUS_1
2707001,2,OTHER_97,-112.009262179834,34.7285912622998,1,FOUR_WAY_INTERSECTION,OTHER_97,COTTONWOOD,2013-01-26 10:31:00,UNKNOWN_99,NOT_APPLICABLE_MINUS_1+FAILED_TO_YIELD_RIGHT_OF_WAY_103+NOT_APPLICABLE_MINUS_1+NOT_APPLICABLE_MINUS_1
2707052,2,ANGLE_FRONT_TO_SIDE,-111.941170879001,33.4254961383258,1,T_INTERSECTION,ANGLE_FRONT_TO_SIDE,TEMPE,2013-03-19 16:45:00,NO_IMPROPER_ACTION,FAILED_TO_YIELD_RIGHT_OF_WAY_103
2707068,2,ANGLE_FRONT_TO_SIDE,-111.939454612739,33.3928607414179,2,NOT_AT_INTERSECTION_0,ANGLE_FRONT_TO_SIDE,TEMPE,2013-03-18 11:49:00,OTHER_97,NO_IMPROPER_ACTION
2707090,2,ANGLE_FRONT_TO_SIDE,-112.22008590873,33.6103408692428,3,FOUR_WAY_INTERSECTION,ANGLE_FRONT_TO_SIDE,PEORIA,2013-03-04 13:12:00,DROVE_RODE_IN_OPPOSING_TRAFFIC_LANE,INATTENTION_DISTRACTION
2707118,2,LEFT_TURN,-111.886286331401,33.4148004968105,2,T_INTERSECTION,LEFT_TURN,TEMPE,2013-03-04 15:03:00,NO_IMPROPER_ACTION,FAILED_TO_YIELD_RIGHT_OF_WAY_103
2707121,2,ANGLE_FRONT_TO_SIDE,-111.926121954334,33.412879857648,2,T_INTERSECTION,ANGLE_FRONT_TO_SIDE,TEMPE,2013-03-21 09:24:00,FAILED_TO_YIELD_RIGHT_OF_WAY_103,NO_IMPROPER_ACTION
2707190,2,OTHER_97,-112.099410352146,33.5676151492151,3,FOUR_WAY_INTERSECTION,OTHER_97,PHOENIX,2013-02-06 06:33:00,OTHER_97,NO_IMPROPER_ACTION
2707222,2,ANGLE_FRONT_TO_SIDE,-112.134246536919,33.5694764642804,2,NOT_AT_INTERSECTION_0,ANGLE_FRONT_TO_SIDE,PHOENIX,2013-02-12 07:22:00,NO_IMPROPER_ACTION,RAN_STOP_SIGN
2707307,2,ANGLE_FRONT_TO_SIDE,-112.112428709353,33.5095016742506,3,NOT_AT_INTERSECTION_0,ANGLE_FRONT_TO_SIDE,PHOENIX,2013-02-07 12:56:00,DISREGARDED_TRAFFIC_SIGNAL,NO_IMPROPER_ACTION
2707368,2,LEFT_TURN,-111.943320448926,33.499526304624,3,T_INTERSECTION,LEFT_TURN,PHOENIX,2013-02-06 07:00:00,NO_IMPROPER_ACTION,FAILED_TO_YIELD_RIGHT_OF_WAY_103
2707596,2,ANGLE_FRONT_TO_SIDE,-112.125558688955,33.5673993302233,4,FOUR_WAY_INTERSECTION,ANGLE_FRONT_TO_SIDE,PHOENIX,2013-02-04 20:23:00,KNOWINGLY_OPERATED_WITH_FAULTY_MISSING_EQUIPMENT,NO_IMPROPER_ACTION
2707857,2,OTHER_97,-111.981686371399,33.4656521674308,3,T_INTERSECTION,OTHER_97,PHOENIX,2013-03-28 22:12:00,DISREGARDED_TRAFFIC_SIGNAL,NO_IMPROPER_ACTION+NOT_APPLICABLE_MINUS_1
2707910,2,ANGLE_FRONT_TO_SIDE,-112.220275680221,33.6382194224234,4,FOUR_WAY_INTERSECTION,ANGLE_FRONT_TO_SIDE,GLENDALE,2013-02-05 17:07:00,DID_NOT_USE_CROSSWALK,NOT_APPLICABLE_MINUS_1+NO_IMPROPER_ACTION
2708060,2,UNKNOWN_99,-111.632710864122,33.4078451581168,3,FOUR_WAY_INTERSECTION,UNKNOWN_99,UNSPECIFIED_999,2013-02-27 15:28:00,NO_IMPROPER_ACTION,FAILED_TO_YIELD_RIGHT_OF_WAY_103
2708223,2,LEFT_TURN,-111.782087651829,33.3645207403666,1,FOUR_WAY_INTERSECTION,LEFT_TURN,GILBERT,2013-03-19 05:46:00,FAILED_TO_KEEP_IN_PROPER_LANE,NO_IMPROPER_ACTION
2708268,2,ANGLE_FRONT_TO_SIDE,-111.945738052816,33.3418994674816,3,T_INTERSECTION,ANGLE_FRONT_TO_SIDE,TEMPE,2013-03-26 07:54:00,UNKNOWN_99,UNKNOWN_99
2708483,2,ANGLE_FRONT_TO_SIDE,0,0,3,UNKNOWN_99,ANGLE_FRONT_TO_SIDE,TUCSON,2013-03-04 10:57:00,NO_IMPROPER_ACTION,FAILED_TO_YIELD_RIGHT_OF_WAY_103
2708502,2,ANGLE_FRONT_TO_SIDE,-111.781129591269,33.3360160252089,1,T_INTERSECTION,ANGLE_FRONT_TO_SIDE,GILBERT,2013-03-21 15:32:00,RAN_STOP_SIGN,NO_IMPROPER_ACTION
2708720,2,ANGLE_FRONT_TO_SIDE,-111.6663767817,35.170527898406,3,FOUR_WAY_INTERSECTION,ANGLE_FRONT_TO_SIDE,FLAGSTAFF,2013-03-23 11:57:00,NO_IMPROPER_ACTION,INATTENTION_DISTRACTION
2708846,2,LEFT_TURN,-111.075725877248,32.3753903616869,2,T_INTERSECTION,LEFT_TURN,UNSPECIFIED_999,2013-03-12 07:57:00,DISREGARDED_TRAFFIC_SIGNAL,UNKNOWN_99
2708965,2,ANGLE_FRONT_TO_SIDE,-110.257320059139,31.561903989201,4,FOUR_WAY_INTERSECTION,ANGLE_FRONT_TO_SIDE,SIERRA VISTA,2013-03-30 13:06:00,DISREGARDED_TRAFFIC_SIGNAL,NOT_APPLICABLE_MINUS_1+NOT_APPLICABLE_MINUS_1+NO_IMPROPER_ACTION
2708989,2,ANGLE_FRONT_TO_SIDE,-111.961030595886,33.3820167574148,1,UNKNOWN_99,ANGLE_FRONT_TO_SIDE,TEMPE,2013-03-11 07:42:00,DROVE_RODE_IN_OPPOSING_TRAFFIC_LANE,NO_IMPROPER_ACTION
2709048,2,ANGLE_FRONT_TO_SIDE,-111.96401624673,33.3782421255932,2,UNKNOWN_99,ANGLE_FRONT_TO_SIDE,TEMPE,2013-03-13 13:55:00,OTHER_97,NO_IMPROPER_ACTION
2709080,2,ANGLE_FRONT_TO_SIDE,-111.789458906093,33.4226255301444,2,FOUR_WAY_INTERSECTION,ANGLE_FRONT_TO_SIDE,MESA,2013-03-07 14:45:00,DROVE_RODE_IN_OPPOSING_TRAFFIC_LANE,SPEED_TOO_FAST_FOR_CONDITIONS
2709091,2,ANGLE_FRONT_TO_SIDE,-111.653610334598,33.379195244353,3,T_INTERSECTION,ANGLE_FRONT_TO_SIDE,MESA,2013-01-22 19:52:00,DROVE_RODE_IN_OPPOSING_TRAFFIC_LANE,NO_IMPROPER_ACTION
2709107,2,ANGLE_FRONT_TO_SIDE,-111.778846290497,33.4081362751853,3,FOUR_WAY_INTERSECTION,ANGLE_FRONT_TO_SIDE,MESA,2013-03-06 11:37:00,OTHER_97,NO_IMPROPER_ACTION
2709109,2,ANGLE_FRONT_TO_SIDE,-111.736581306388,33.3890918939585,1,FOUR_WAY_INTERSECTION,ANGLE_FRONT_TO_SIDE,MESA,2013-03-14 12:41:00,NO_IMPROPER_ACTION,SPEED_TOO_FAST_FOR_CONDITIONS
2709114,2,ANGLE_FRONT_TO_SIDE,-111.684191572093,33.4450830279972,2,T_INTERSECTION,ANGLE_FRONT_TO_SIDE,MESA,2013-03-13 15:07:00,OTHER_97,NO_IMPROPER_ACTION
2709201,2,ANGLE_FRONT_TO_SIDE,-111.822731342435,33.431101786115,3,UNKNOWN_99,ANGLE_FRONT_TO_SIDE,MESA,2013-03-20 16:53:00,DROVE_RODE_IN_OPPOSING_TRAFFIC_LANE,NO_IMPROPER_ACTION
2709228,2,OTHER_97,-111.598019109691,33.3935294177029,2,FOUR_WAY_INTERSECTION,OTHER_97,MESA,2013-04-01 07:19:00,NO_IMPROPER_ACTION,NOT_APPLICABLE_MINUS_1+OTHER_97
2709305,2,OTHER_97,-111.037814843675,32.3374866936921,2,FOUR_WAY_INTERSECTION,OTHER_97,UNSPECIFIED_999,2013-03-20 15:57:00,UNKNOWN_99,UNKNOWN_99
2709650,2,ANGLE_FRONT_TO_SIDE,-111.936588075676,33.414800310896,3,FOUR_WAY_INTERSECTION,ANGLE_FRONT_TO_SIDE,TEMPE,2013-03-22 08:48:00,FAILED_TO_YIELD_RIGHT_OF_WAY_103,NO_IMPROPER_ACTION
2709662,2,ANGLE_FRONT_TO_SIDE,-112.320178948012,33.6097582089445,3,NOT_REPORTED_255,ANGLE_FRONT_TO_SIDE,EL MIRAGE,2013-03-29 18:47:00,INATTENTION_DISTRACTION,NO_IMPROPER_ACTION+NOT_APPLICABLE_MINUS_1
2709663,3,ANGLE_FRONT_TO_SIDE,-112.324450728621,33.5654610256472,2,FOUR_WAY_INTERSECTION,ANGLE_FRONT_TO_SIDE,EL MIRAGE,2013-03-27 20:32:00,DISREGARDED_TRAFFIC_SIGNAL+DISREGARDED_TRAFFIC_SIGNAL,NO_IMPROPER_ACTION
2709768,2,ANGLE_FRONT_TO_SIDE,-111.94564692831,33.3347146542447,2,UNKNOWN_99,ANGLE_FRONT_TO_SIDE,TEMPE,2013-03-25 16:04:00,NO_IMPROPER_ACTION,OTHER_97
2709827,2,OTHER_97,-110.909719932675,32.2511624579369,2,NOT_REPORTED_255,OTHER_97,TUCSON,2013-02-18 17:13:00,DISREGARDED_TRAFFIC_SIGNAL,NO_IMPROPER_ACTION
2709998,2,REAR_TO_SIDE,-112.341046974333,33.4534447539711,3,T_INTERSECTION,REAR_TO_SIDE,AVONDALE,2013-04-01 11:04:00,NO_IMPROPER_ACTION,NO_IMPROPER_ACTION
2710034,2,ANGLE_FRONT_TO_SIDE,-112.462189218152,34.5418566199461,3,FOUR_WAY_INTERSECTION,ANGLE_FRONT_TO_SIDE,PRESCOTT,2013-03-28 11:53:00,NO_IMPROPER_ACTION,UNKNOWN_99
2710042,2,SIDESWIPE_SAME_DIRECTION,-110.806807626128,32.2231073054084,3,FOUR_WAY_INTERSECTION,SIDESWIPE_SAME_DIRECTION,TUCSON,2013-02-21 12:49:00,UNKNOWN_99,UNKNOWN_99
2710127,3,SIDESWIPE_SAME_DIRECTION,-110.817995347475,32.1202049853774,3,NOT_AT_INTERSECTION_0,SIDESWIPE_SAME_DIRECTION,TUCSON,2013-02-22 10:50:00,NO_IMPROPER_ACTION+NO_IMPROPER_ACTION,OTHER_UNSAFE_PASSING
2710164,2,LEFT_TURN,-110.939352058658,32.2069350968004,2,T_INTERSECTION,LEFT_TURN,TUCSON,2013-02-23 10:00:00,OTHER_97,NO_IMPROPER_ACTION+NOT_APPLICABLE_MINUS_1+NOT_APPLICABLE_MINUS_1
2710523,2,ANGLE_FRONT_TO_SIDE,-111.620176122193,35.1951059963841,1,NOT_AT_INTERSECTION_0,ANGLE_FRONT_TO_SIDE,FLAGSTAFF,2013-04-03 07:20:00,NO_IMPROPER_ACTION,INATTENTION_DISTRACTION
2710534,2,ANGLE_FRONT_TO_SIDE,-112.23805643902,33.6099536339448,3,UNKNOWN_99,ANGLE_FRONT_TO_SIDE,PEORIA,2013-03-25 14:49:00,NO_IMPROPER_ACTION,INATTENTION_DISTRACTION
2710570,2,ANGLE_FRONT_TO_SIDE,-112.272612576439,33.5864468045458,2,T_INTERSECTION,ANGLE_FRONT_TO_SIDE,UNSPECIFIED_999,2013-03-01 14:53:00,NO_IMPROPER_ACTION,FAILED_TO_YIELD_RIGHT_OF_WAY_103
2710580,2,ANGLE_FRONT_TO_SIDE,-111.921254537057,33.4147615816394,3,NOT_REPORTED_255,ANGLE_FRONT_TO_SIDE,TEMPE,2013-03-27 14:03:00,DROVE_RODE_IN_OPPOSING_TRAFFIC_LANE,NO_IMPROPER_ACTION
2710621,2,LEFT_TURN,-112.186179474711,33.5398263607554,2,FOUR_WAY_INTERSECTION,LEFT_TURN,GLENDALE,2013-02-09 10:21:00,NO_IMPROPER_ACTION,FAILED_TO_YIELD_RIGHT_OF_WAY_103
2710647,2,ANGLE_FRONT_TO_SIDE,-111.891869443566,33.4658508370335,3,T_INTERSECTION,ANGLE_FRONT_TO_SIDE,UNSPECIFIED_999,2013-02-07 15:48:00,INATTENTION_DISTRACTION,INATTENTION_DISTRACTION+NOT_APPLICABLE_MINUS_1
2710673,2,ANGLE_FRONT_TO_SIDE,-111.926280526608,33.4143289061339,3,NOT_REPORTED_255,ANGLE_FRONT_TO_SIDE,TEMPE,2013-03-27 08:59:00,DROVE_RODE_IN_OPPOSING_TRAFFIC_LANE,NO_IMPROPER_ACTION
2710754,2,SIDESWIPE_OPPOSITE_DIRECTION,-112.185854733547,33.6107582417116,1,FOUR_WAY_INTERSECTION,SIDESWIPE_OPPOSITE_DIRECTION,GLENDALE,2013-02-18 16:08:00,NO_IMPROPER_ACTION,NO_IMPROPER_ACTION
2710768,2,ANGLE_FRONT_TO_SIDE,-112.178588832937,33.5385292750781,2,NOT_AT_INTERSECTION_0,ANGLE_FRONT_TO_SIDE,GLENDALE,2013-02-17 11:30:00,DROVE_RODE_IN_OPPOSING_TRAFFIC_LANE,NO_IMPROPER_ACTION
2710775,2,ANGLE_FRONT_TO_SIDE,-112.229030755376,33.6527548368224,2,FOUR_WAY_INTERSECTION,ANGLE_FRONT_TO_SIDE,GLENDALE,2013-02-17 11:45:00,NO_IMPROPER_ACTION,NO_IMPROPER_ACTION
2710793,3,ANGLE_FRONT_TO_SIDE,-112.155887374163,33.5531053268516,2,T_INTERSECTION,ANGLE_FRONT_TO_SIDE,GLENDALE,2013-01-31 08:22:00,NO_IMPROPER_ACTION+NO_IMPROPER_ACTION,FAILED_TO_YIELD_RIGHT_OF_WAY_103
2710801,2,ANGLE_FRONT_TO_SIDE,-112.18595092708,33.5963814578743,4,FOUR_WAY_INTERSECTION,ANGLE_FRONT_TO_SIDE,GLENDALE,2013-02-07 11:53:00,FAILED_TO_YIELD_RIGHT_OF_WAY_103,NO_IMPROPER_ACTION
2710860,2,ANGLE_FRONT_TO_SIDE,-112.190694821243,33.5240190011728,2,FOUR_WAY_INTERSECTION,ANGLE_FRONT_TO_SIDE,GLENDALE,2013-02-13 12:37:00,RAN_STOP_SIGN,UNKNOWN_99
2710911,2,LEFT_TURN,-112.186272550876,33.5669663143364,2,NOT_REPORTED_255,LEFT_TURN,GLENDALE,2013-02-13 17:09:00,DID_NOT_USE_CROSSWALK,NO_IMPROPER_ACTION
2711061,2,ANGLE_FRONT_TO_SIDE,-112.185832609253,33.6088888197513,1,T_INTERSECTION,ANGLE_FRONT_TO_SIDE,GLENDALE,2013-02-08 06:49:00,DROVE_RODE_IN_OPPOSING_TRAFFIC_LANE,NO_IMPROPER_ACTION
2711066,2,ANGLE_FRONT_TO_SIDE,-112.200830948027,33.5962221551257,3,FOUR_WAY_INTERSECTION,ANGLE_FRONT_TO_SIDE,GLENDALE,2013-02-07 15:31:00,DROVE_RODE_IN_OPPOSING_TRAFFIC_LANE,NO_IMPROPER_ACTION+NOT_APPLICABLE_MINUS_1
2711344,2,OTHER_97,-112.112654915634,33.5528870324796,2,FOUR_WAY_INTERSECTION,OTHER_97,PHOENIX,2013-04-10 15:35:00,DISREGARDED_TRAFFIC_SIGNAL,NO_IMPROPER_ACTION
2711403,2,ANGLE_FRONT_TO_SIDE,-112.255046091924,33.5375737701963,3,FOUR_WAY_INTERSECTION,ANGLE_FRONT_TO_SIDE,GLENDALE,2013-02-03 08:37:00,DISREGARDED_TRAFFIC_SIGNAL,NOT_APPLICABLE_MINUS_1+NO_IMPROPER_ACTION
2711404,2,ANGLE_FRONT_TO_SIDE,-112.168990083946,33.568600376261,2,UNKNOWN_99,ANGLE_FRONT_TO_SIDE,GLENDALE,2013-02-02 14:46:00,FAILED_TO_YIELD_RIGHT_OF_WAY_103,NO_IMPROPER_ACTION
2711468,2,LEFT_TURN,-112.032435987663,33.4367763634779,3,T_INTERSECTION,LEFT_TURN,PHOENIX,2013-02-14 04:30:00,KNOWINGLY_OPERATED_WITH_FAULTY_MISSING_EQUIPMENT,FAILED_TO_YIELD_RIGHT_OF_WAY_103
2711479,2,SIDESWIPE_SAME_DIRECTION,-112.13743135003,33.5675308992296,3,NOT_AT_INTERSECTION_0,SIDESWIPE_SAME_DIRECTION,PHOENIX,2013-02-13 09:45:00,UNSAFE_LANE_CHANGE,NO_IMPROPER_ACTION
2711575,2,ANGLE_FRONT_TO_SIDE,-112.22057082276,33.4946464468778,1,FOUR_WAY_INTERSECTION,ANGLE_FRONT_TO_SIDE,PHOENIX,2013-02-17 12:43:00,OTHER_97,UNKNOWN_99+NOT_APPLICABLE_MINUS_1
2711638,2,LEFT_TURN,-112.151555330069,33.5522928508148,3,UNKNOWN_99,LEFT_TURN,PHOENIX,2013-02-22 19:22:00,KNOWINGLY_OPERATED_WITH_FAULTY_MISSING_EQUIPMENT,NOT_APPLICABLE_MINUS_1+UNKNOWN_99
2711653,2,ANGLE_FRONT_TO_SIDE,-112.156130274803,33.6393850571503,3,T_INTERSECTION,ANGLE_FRONT_TO_SIDE,PHOENIX,2013-02-15 06:50:00,FAILED_TO_YIELD_RIGHT_OF_WAY_103,NO_IMPROPER_ACTION