IncidentID,num_vehicles_involved,eCollisionManner,Longitude,Latitude,InjurySeverity,eIntersectionType,eCollisionManner,city_name,IncidentDateTime,cyclist_citations,driver_citations
2730322,2,SIDESWIPE_SAME_DIRECTION,-112.077965418599,33.5676463754439,3,NOT_AT_INTERSECTION_0,SIDESWIPE_SAME_DIRECTION,PHOENIX,2013-04-02 07:51:00,UNKNOWN_99,NOT_APPLICABLE_MINUS_1+NOT_APPLICABLE_MINUS_1+UNKNOWN_99
2730736,2,ANGLE_FRONT_TO_SIDE,-111.649665196814,35.1936170450091,1,UNKNOWN_99,ANGLE_FRONT_TO_SIDE,FLAGSTAFF,2013-06-11 17:58:00,NO_IMPROPER_ACTION,INATTENTION_DISTRACTION
2730740,2,ANGLE_FRONT_TO_SIDE,-111.595869050823,35.2184823982806,3,FOUR_WAY_INTERSECTION,ANGLE_FRONT_TO_SIDE,FLAGSTAFF,2013-06-10 08:36:00,RAN_STOP_SIGN,NO_IMPROPER_ACTION
2730770,2,OTHER_97,-112.00950956778,33.5970467953541,2,FOUR_WAY_INTERSECTION,OTHER_97,PHOENIX,2013-03-23 19:24:00,DISREGARDED_TRAFFIC_SIGNAL,NO_IMPROPER_ACTION
2730808,2,SIDESWIPE_SAME_DIRECTION,-111.763346066013,34.8659464447631,2,ROUNDABOUT,SIDESWIPE_SAME_DIRECTION,SEDONA,2013-03-31 13:00:00,NO_IMPROPER_ACTION,FAILED_TO_YIELD_RIGHT_OF_WAY_103
2730824,2,ANGLE_FRONT_TO_SIDE,-110.274331723415,31.5546356295731,3,FOUR_WAY_INTERSECTION,ANGLE_FRONT_TO_SIDE,SIERRA VISTA,2013-06-06 12:11:00,OTHER_97,FAILED_TO_YIELD_RIGHT_OF_WAY_103
2730880,2,HEAD_ON,-112.11080698045,33.6288571324513,4,NOT_AT_INTERSECTION_0,HEAD_ON,PHOENIX,2013-05-23 06:11:00,DROVE_RODE_IN_OPPOSING_TRAFFIC_LANE,NO_IMPROPER_ACTION
2730883,2,ANGLE_FRONT_TO_SIDE,-111.995377498108,33.502505384456,3,FOUR_WAY_INTERSECTION,ANGLE_FRONT_TO_SIDE,PHOENIX,2013-06-10 09:48:00,DROVE_RODE_IN_OPPOSING_TRAFFIC_LANE,UNKNOWN_99
2730991,2,OTHER_97,-111.615981074604,33.5234660139536,5,NOT_AT_INTERSECTION_0,OTHER_97,UNSPECIFIED_999,2013-04-03 09:18:00,NO_IMPROPER_ACTION,FAILED_TO_KEEP_IN_PROPER_LANE
2731015,2,SIDESWIPE_SAME_DIRECTION,-112.659709390461,33.6572274818503,4,NOT_AT_INTERSECTION_0,SIDESWIPE_SAME_DIRECTION,UNSPECIFIED_999,2013-05-23 07:40:00,UNKNOWN_99,UNKNOWN_99
2731156,2,ANGLE_FRONT_TO_SIDE,-111.650622642152,35.2179364486009,4,T_INTERSECTION,ANGLE_FRONT_TO_SIDE,FLAGSTAFF,2013-06-08 22:16:00,OTHER_97,NO_IMPROPER_ACTION
2731212,2,LEFT_TURN,-111.703294888037,33.2638424435766,4,T_INTERSECTION,LEFT_TURN,GILBERT,2013-05-29 07:24:00,NO_IMPROPER_ACTION,INATTENTION_DISTRACTION
2731253,2,LEFT_TURN,-110.91760551209,32.1631638691655,4,FOUR_WAY_INTERSECTION,LEFT_TURN,UNSPECIFIED_999,2013-05-29 06:12:00,NO_IMPROPER_ACTION,FAILED_TO_YIELD_RIGHT_OF_WAY_103
2731301,2,ANGLE_FRONT_TO_SIDE,-112.246573192988,33.465279499768,3,T_INTERSECTION,ANGLE_FRONT_TO_SIDE,UNSPECIFIED_999,2013-06-13 08:37:00,DROVE_RODE_IN_OPPOSING_TRAFFIC_LANE,INATTENTION_DISTRACTION
2731314,2,REAR_END,-112.494148475425,34.4936484095698,4,NOT_AT_INTERSECTION_0,REAR_END,UNSPECIFIED_999,2013-06-10 08:10:00,NO_IMPROPER_ACTION,FAILED_TO_KEEP_IN_PROPER_LANE
2731531,2,ANGLE_FRONT_TO_SIDE,-111.87634747163,33.3059824695131,1,FOUR_WAY_INTERSECTION,ANGLE_FRONT_TO_SIDE,CHANDLER,2013-02-11 15:59:00,INATTENTION_DISTRACTION,INATTENTION_DISTRACTION
2731558,2,ANGLE_FRONT_TO_SIDE,-111.945693007361,33.3053405200101,3,FOUR_WAY_INTERSECTION,ANGLE_FRONT_TO_SIDE,CHANDLER,2013-02-06 22:39:00,DISREGARDED_TRAFFIC_SIGNAL,NOT_APPLICABLE_MINUS_1+NO_IMPROPER_ACTION
2731670,2,ANGLE_FRONT_TO_SIDE,-111.875452645389,33.335138818005,1,NOT_AT_INTERSECTION_0,ANGLE_FRONT_TO_SIDE,CHANDLER,2013-02-24 14:45:00,DROVE_RODE_IN_OPPOSING_TRAFFIC_LANE,NOT_APPLICABLE_MINUS_1+NO_IMPROPER_ACTION+NOT_APPLICABLE_MINUS_1
2731683,2,SIDESWIPE_SAME_DIRECTION,-111.802318122978,33.2948436656517,2,NOT_AT_INTERSECTION_0,SIDESWIPE_SAME_DIRECTION,CHANDLER,2013-02-26 13:21:00,NO_IMPROPER_ACTION,SPEED_TOO_FAST_FOR_CONDITIONS
2731689,2,ANGLE_FRONT_TO_SIDE,-111.841507117581,33.2988890175959,1,FOUR_WAY_INTERSECTION,ANGLE_FRONT_TO_SIDE,CHANDLER,2013-02-26 06:25:00,DISREGARDED_TRAFFIC_SIGNAL,NO_IMPROPER_ACTION
2731740,2,SIDESWIPE_SAME_DIRECTION,-110.961072373887,32.2793599287798,3,NOT_AT_INTERSECTION_0,SIDESWIPE_SAME_DIRECTION,TUCSON,2013-06-07 08:15:00,UNKNOWN_99,UNKNOWN_99
2731776,2,ANGLE_FRONT_TO_SIDE,0,0,2,T_INTERSECTION,ANGLE_FRONT_TO_SIDE,GILBERT,2013-06-11 11:52:00,DROVE_RODE_IN_OPPOSING_TRAFFIC_LANE,INATTENTION_DISTRACTION
2731792,2,SIDESWIPE_SAME_DIRECTION,-110.943949101203,32.2317776736715,1,NOT_AT_INTERSECTION_0,SIDESWIPE_SAME_DIRECTION,TUCSON,2013-06-01 04:49:00,NO_IMPROPER_ACTION,DISREGARDED_PAVEMENT_MARKINGS
2731871,3,ANGLE_FRONT_TO_SIDE,0,0,4,T_INTERSECTION,ANGLE_FRONT_TO_SIDE,SCOTTSDALE,2013-04-10 09:00:00,NO_IMPROPER_ACTION+NO_IMPROPER_ACTION,OTHER_97
2731892,2,ANGLE_FRONT_TO_SIDE,-110.9779724273,32.2410798574219,2,UNKNOWN_99,ANGLE_FRONT_TO_SIDE,TUCSON,2013-06-10 12:03:00,NO_IMPROPER_ACTION,INATTENTION_DISTRACTION
2731990,2,ANGLE_FRONT_TO_SIDE,-111.029748932041,32.380904568602,2,T_INTERSECTION,ANGLE_FRONT_TO_SIDE,UNSPECIFIED_999,2013-05-26 08:56:00,NO_IMPROPER_ACTION,FAILED_TO_YIELD_RIGHT_OF_WAY_103
2731996,2,ANGLE_FRONT_TO_SIDE,-110.96108040913,32.3156047320712,3,FOUR_WAY_INTERSECTION,ANGLE_FRONT_TO_SIDE,UNSPECIFIED_999,2013-05-29 07:00:00,NO_IMPROPER_ACTION,FAILED_TO_YIELD_RIGHT_OF_WAY_103
2732040,2,ANGLE_FRONT_TO_SIDE,-112.234183765731,33.6345704934079,2,NOT_AT_INTERSECTION_0,ANGLE_FRONT_TO_SIDE,PEORIA,2013-06-16 00:35:00,FAILED_TO_KEEP_IN_PROPER_LANE,NO_IMPROPER_ACTION
2732101,2,ANGLE_FRONT_TO_SIDE,-112.113929012216,33.6546692242097,3,FOUR_WAY_INTERSECTION,ANGLE_FRONT_TO_SIDE,PHOENIX,2013-06-15 18:13:00,NO_IMPROPER_ACTION,NOT_APPLICABLE_MINUS_1+INATTENTION_DISTRACTION
2732139,2,LEFT_TURN,-112.112037878059,33.5534572016504,4,FOUR_WAY_INTERSECTION,LEFT_TURN,PHOENIX,2013-06-14 17:36:00,DISREGARDED_TRAFFIC_SIGNAL,NO_IMPROPER_ACTION
2732421,2,SIDESWIPE_SAME_DIRECTION,-112.151651111562,33.4884328811967,4,NOT_AT_INTERSECTION_0,SIDESWIPE_SAME_DIRECTION,PHOENIX,2013-06-19 11:46:00,DID_NOT_USE_CROSSWALK,NO_IMPROPER_ACTION
2732511,2,OTHER_97,0,0,2,UNKNOWN_99,OTHER_97,FLAGSTAFF,2013-05-06 22:37:00,NO_IMPROPER_ACTION,INATTENTION_DISTRACTION
2732573,2,ANGLE_FRONT_TO_SIDE,-111.726541206957,33.3069209542747,3,T_INTERSECTION,ANGLE_FRONT_TO_SIDE,GILBERT,2013-06-18 18:59:00,NO_IMPROPER_ACTION,UNKNOWN_99
2732604,2,ANGLE_FRONT_TO_SIDE,-111.839736467379,33.4514417075223,1,FOUR_WAY_INTERSECTION,ANGLE_FRONT_TO_SIDE,MESA,2013-04-27 15:33:00,NO_IMPROPER_ACTION,INATTENTION_DISTRACTION
2732681,2,OTHER_97,-112.047622853674,33.4945432282336,3,FOUR_WAY_INTERSECTION,OTHER_97,PHOENIX,2013-06-13 16:15:00,OTHER_97,NOT_APPLICABLE_MINUS_1+NO_IMPROPER_ACTION
2732695,2,ANGLE_FRONT_TO_SIDE,-111.943610109418,33.6404196269765,1,NOT_AT_INTERSECTION_0,ANGLE_FRONT_TO_SIDE,PHOENIX,2013-06-24 14:37:00,DROVE_RODE_IN_OPPOSING_TRAFFIC_LANE,NO_IMPROPER_ACTION
2732808,3,ANGLE_FRONT_TO_SIDE,-111.762797993612,33.4227099011234,3,T_INTERSECTION,ANGLE_FRONT_TO_SIDE,MESA,2013-04-29 17:10:00,UNSAFE_LANE_CHANGE,NO_IMPROPER_ACTION+NO_IMPROPER_ACTION
2732821,2,SIDESWIPE_SAME_DIRECTION,-110.290377296013,31.5473591510148,4,UNKNOWN_99,SIDESWIPE_SAME_DIRECTION,SIERRA VISTA,2013-06-11 22:51:00,NO_IMPROPER_ACTION,UNKNOWN_99
2732824,2,SIDESWIPE_SAME_DIRECTION,-110.291332000666,31.5597923604314,4,T_INTERSECTION,SIDESWIPE_SAME_DIRECTION,SIERRA VISTA,2013-06-09 09:58:00,NO_IMPROPER_ACTION,FAILED_TO_YIELD_RIGHT_OF_WAY_103
2732844,2,ANGLE_FRONT_TO_SIDE,-111.897737256396,33.4076177771438,2,FOUR_WAY_INTERSECTION,ANGLE_FRONT_TO_SIDE,TEMPE,2013-05-20 13:36:00,DROVE_RODE_IN_OPPOSING_TRAFFIC_LANE,NO_IMPROPER_ACTION
2732856,2,OTHER_97,-111.915565811644,33.3929851201819,1,UNKNOWN_99,OTHER_97,TEMPE,2013-06-02 15:27:00,KNOWINGLY_OPERATED_WITH_FAULTY_MISSING_EQUIPMENT,NO_IMPROPER_ACTION
2732897,2,ANGLE_FRONT_TO_SIDE,-111.954478393432,33.3530283832881,3,UNKNOWN_99,ANGLE_FRONT_TO_SIDE,TEMPE,2013-06-05 08:10:00,NO_IMPROPER_ACTION,OTHER_97+NOT_APPLICABLE_MINUS_1
2733029,2,ANGLE_FRONT_TO_SIDE,-111.909057884363,33.4292850108808,1,FOUR_WAY_INTERSECTION,ANGLE_FRONT_TO_SIDE,TEMPE,2013-05-24 16:12:00,OTHER_97,MADE_IMPROPER_TURN
2733030,2,ANGLE_FRONT_TO_SIDE,-111.916040257759,33.4220088960642,2,UNKNOWN_99,ANGLE_FRONT_TO_SIDE,TEMPE,2013-05-13 20:20:00,NO_IMPROPER_ACTION,FAILED_TO_YIELD_RIGHT_OF_WAY_103
2733038,2,ANGLE_FRONT_TO_SIDE,-111.922928839976,33.4075008634073,1,UNKNOWN_99,ANGLE_FRONT_TO_SIDE,TEMPE,2013-05-29 12:00:00,DROVE_RODE_IN_OPPOSING_TRAFFIC_LANE,NO_IMPROPER_ACTION
2733090,2,ANGLE_FRONT_TO_SIDE,-112.065475063636,33.626046989665,3,T_INTERSECTION,ANGLE_FRONT_TO_SIDE,PHOENIX,2013-04-13 08:41:00,INATTENTION_DISTRACTION,NO_IMPROPER_ACTION
2733098,2,ANGLE_FRONT_TO_SIDE,-112.030860640078,33.6429367371648,3,T_INTERSECTION,ANGLE_FRONT_TO_SIDE,PHOENIX,2013-04-13 10:44:00,INATTENTION_DISTRACTION,NO_IMPROPER_ACTION
2733105,2,UNKNOWN_99,-112.047658581756,33.4715579744261,3,UNKNOWN_99,UNKNOWN_99,PHOENIX,2013-04-13 11:07:00,DID_NOT_USE_CROSSWALK,NO_IMPROPER_ACTION
2733118,2,SIDESWIPE_SAME_DIRECTION,-112.051045892815,33.4067613971035,2,UNKNOWN_99,SIDESWIPE_SAME_DIRECTION,PHOENIX,2013-04-13 11:29:00,DID_NOT_USE_CROSSWALK,NO_IMPROPER_ACTION+NOT_APPLICABLE_MINUS_1
2733169,2,ANGLE_FRONT_TO_SIDE,-112.082078488201,33.4586782326469,4,FOUR_WAY_INTERSECTION,ANGLE_FRONT_TO_SIDE,PHOENIX,2013-04-04 17:11:00,FAILED_TO_YIELD_RIGHT_OF_WAY_103,NO_IMPROPER_ACTION
2733203,2,ANGLE_FRONT_TO_SIDE,-112.164776593114,33.6389625056049,3,FOUR_WAY_INTERSECTION,ANGLE_FRONT_TO_SIDE,PHOENIX,2013-04-08 16:45:00,OTHER_97,UNKNOWN_99
2733231,2,ANGLE_FRONT_TO_SIDE,-112.033844270274,33.6404860198054,3,FOUR_WAY_INTERSECTION,ANGLE_FRONT_TO_SIDE,PHOENIX,2013-03-28 10:40:00,OTHER_97,INATTENTION_DISTRACTION
2733495,2,SIDESWIPE_SAME_DIRECTION,-112.06305412162,33.6475727435259,2,UNKNOWN_99,SIDESWIPE_SAME_DIRECTION,PHOENIX,2013-04-12 01:09:00,NO_IMPROPER_ACTION,FAILED_TO_KEEP_IN_PROPER_LANE
2733669,2,LEFT_TURN,-110.908043831499,32.3089057130772,3,T_INTERSECTION,LEFT_TURN,UNSPECIFIED_999,2013-05-31 18:30:00,NO_IMPROPER_ACTION,FAILED_TO_YIELD_RIGHT_OF_WAY_103
2733675,2,HEAD_ON,-112.340940945413,33.4787921216771,3,FOUR_WAY_INTERSECTION,HEAD_ON,AVONDALE,2013-06-17 20:45:00,UNKNOWN_99,UNKNOWN_99
2733743,2,OTHER_97,-111.054655740367,32.3807791545316,2,UNKNOWN_99,OTHER_97,UNSPECIFIED_999,2013-06-05 17:40:00,INATTENTION_DISTRACTION,NO_IMPROPER_ACTION
2733782,2,ANGLE_FRONT_TO_SIDE,-111.722609234121,32.8941947465533,3,FOUR_WAY_INTERSECTION,ANGLE_FRONT_TO_SIDE,CASA GRANDE,2013-06-11 05:38:00,UNKNOWN_99,UNKNOWN_99
2733790,2,ANGLE_FRONT_TO_SIDE,-112.174506207797,33.3838866575436,2,T_INTERSECTION,ANGLE_FRONT_TO_SIDE,PHOENIX,2013-06-25 06:15:00,NO_IMPROPER_ACTION,FAILED_TO_YIELD_RIGHT_OF_WAY_103
2733902,2,HEAD_ON,-111.695141257149,33.2641470061579,2,FOUR_WAY_INTERSECTION,HEAD_ON,GILBERT,2013-06-19 12:38:00,DROVE_RODE_IN_OPPOSING_TRAFFIC_LANE,DISREGARDED_TRAFFIC_SIGNAL
2733912,2,ANGLE_FRONT_TO_SIDE,-112.009177531345,34.7283837571441,3,NOT_REPORTED_255,ANGLE_FRONT_TO_SIDE,COTTONWOOD,2013-05-17 17:11:00,OTHER_97,NOT_APPLICABLE_MINUS_1+NOT_APPLICABLE_MINUS_1+FAILED_TO_YIELD_RIGHT_OF_WAY_103+NOT_APPLICABLE_MINUS_1
2733916,2,SIDESWIPE_SAME_DIRECTION,-112.255151159769,33.4483766897126,2,T_INTERSECTION,SIDESWIPE_SAME_DIRECTION,UNSPECIFIED_999,2013-06-20 11:56:00,UNKNOWN_99,UNKNOWN_99+NOT_APPLICABLE_MINUS_1+NOT_APPLICABLE_MINUS_1
2733948,2,ANGLE_FRONT_TO_SIDE,-112.291666021095,33.5947352099295,3,FOUR_WAY_INTERSECTION,ANGLE_FRONT_TO_SIDE,UNSPECIFIED_999,2013-05-25 14:03:00,FAILED_TO_YIELD_RIGHT_OF_WAY_103,ELECTRONIC_COMMUNICATIONS_DEVICE
2734218,2,OTHER_97,-111.534780410022,33.1374738063132,1,T_INTERSECTION,OTHER_97,UNSPECIFIED_999,2013-05-12 16:51:00,OTHER_97,INATTENTION_DISTRACTION
2734227,2,HEAD_ON,-111.668088471751,35.1787819067334,2,FOUR_WAY_INTERSECTION,HEAD_ON,FLAGSTAFF,2013-06-11 09:00:00,DROVE_RODE_IN_OPPOSING_TRAFFIC_LANE,NO_IMPROPER_ACTION
2734297,2,LEFT_TURN,-111.59695054014,33.1858272856416,1,T_INTERSECTION,LEFT_TURN,UNSPECIFIED_999,2013-05-21 07:52:00,INATTENTION_DISTRACTION,NO_IMPROPER_ACTION
2734302,2,ANGLE_FRONT_TO_SIDE,-111.593611607663,33.1755722988638,2,T_INTERSECTION,ANGLE_FRONT_TO_SIDE,UNSPECIFIED_999,2013-05-21 20:42:00,INATTENTION_DISTRACTION,FAILED_TO_YIELD_RIGHT_OF_WAY_103
2734325,2,SIDESWIPE_OPPOSITE_DIRECTION,-111.891193331958,33.8138216000216,1,T_INTERSECTION,SIDESWIPE_OPPOSITE_DIRECTION,SCOTTSDALE,2013-06-07 07:17:00,NO_IMPROPER_ACTION,MADE_IMPROPER_TURN
2734352,2,ANGLE_FRONT_TO_SIDE,-111.645688516348,33.4223774369735,2,T_INTERSECTION,ANGLE_FRONT_TO_SIDE,MESA,2013-06-10 07:18:00,DROVE_RODE_IN_OPPOSING_TRAFFIC_LANE,NO_IMPROPER_ACTION+NOT_APPLICABLE_MINUS_1
2734389,2,ANGLE_FRONT_TO_SIDE,-111.909249734399,33.419517090012,3,FOUR_WAY_INTERSECTION,ANGLE_FRONT_TO_SIDE,TEMPE,2013-06-04 13:48:00,FAILED_TO_YIELD_RIGHT_OF_WAY_103,NO_IMPROPER_ACTION
2734390,2,ANGLE_FRONT_TO_SIDE,-111.94547409261,33.325446011505,3,T_INTERSECTION,ANGLE_FRONT_TO_SIDE,TEMPE,2013-06-04 08:35:00,DROVE_RODE_IN_OPPOSING_TRAFFIC_LANE,NO_IMPROPER_ACTION
2734396,2,LEFT_TURN,-111.909095968611,33.417475950328,3,FOUR_WAY_INTERSECTION,LEFT_TURN,TEMPE,2013-06-06 06:45:00,NO_IMPROPER_ACTION,FAILED_TO_YIELD_RIGHT_OF_WAY_103
2734403,2,ANGLE_FRONT_TO_SIDE,-111.911209514594,33.3578622750642,3,UNKNOWN_99,ANGLE_FRONT_TO_SIDE,TEMPE,2013-05-31 08:46:00,NO_IMPROPER_ACTION,DISREGARDED_TRAFFIC_SIGNAL
2734415,2,LEFT_TURN,-112.063408296314,33.2909452985217,4,T_INTERSECTION,LEFT_TURN,PHOENIX,2013-06-25 05:59:00,NO_IMPROPER_ACTION,FAILED_TO_YIELD_RIGHT_OF_WAY_103
2734539,2,SIDESWIPE_SAME_DIRECTION,-111.910956919206,33.3346403405893,1,UNKNOWN_99,SIDESWIPE_SAME_DIRECTION,TEMPE,2013-06-15 08:15:00,NO_IMPROPER_ACTION,FAILED_TO_KEEP_IN_PROPER_LANE
2734553,2,ANGLE_FRONT_TO_SIDE,-111.904914031049,33.3929683920182,3,FOUR_WAY_INTERSECTION,ANGLE_FRONT_TO_SIDE,TEMPE,2013-06-13 05:52:00,DISREGARDED_TRAFFIC_SIGNAL,NO_IMPROPER_ACTION
2734582,2,SIDESWIPE_SAME_DIRECTION,-111.939723723128,33.4019017026391,3,T_INTERSECTION,SIDESWIPE_SAME_DIRECTION,TEMPE,2013-05-21 21:51:00,NO_IMPROPER_ACTION,UNKNOWN_99
2734589,2,ANGLE_FRONT_TO_SIDE,-111.924827310878,33.4220235845443,1,T_INTERSECTION,ANGLE_FRONT_TO_SIDE,TEMPE,2013-06-03 14:17:00,OTHER_97,NO_IMPROPER_ACTION
2734593,2,OTHER_97,-111.944281558732,33.4253033368455,3,FOUR_WAY_INTERSECTION,OTHER_97,TEMPE,2013-05-30 14:12:00,FAILED_TO_KEEP_IN_PROPER_LANE,NO_IMPROPER_ACTION
2734594,3,ANGLE_FRONT_TO_SIDE,-111.939595035229,33.3930074372851,2,FOUR_WAY_INTERSECTION,ANGLE_FRONT_TO_SIDE,TEMPE,2013-05-29 13:59:00,OTHER_97+OTHER_97,NOT_APPLICABLE_MINUS_1+NO_IMPROPER_ACTION+NOT_APPLICABLE_MINUS_1
2734603,2,ANGLE_FRONT_TO_SIDE,-111.928642551751,33.3721103185595,2,FOUR_WAY_INTERSECTION,ANGLE_FRONT_TO_SIDE,TEMPE,2013-05-30 16:45:00,NO_IMPROPER_ACTION,SPEED_TOO_FAST_FOR_CONDITIONS
2734605,2,ANGLE_FRONT_TO_SIDE,-111.909120303928,33.4292500468922,3,FOUR_WAY_INTERSECTION,ANGLE_FRONT_TO_SIDE,TEMPE,2013-05-27 17:53:00,DROVE_RODE_IN_OPPOSING_TRAFFIC_LANE,NO_IMPROPER_ACTION
2734609,2,REAR_END,-111.939451799112,33.3835528845194,1,UNKNOWN_99,REAR_END,TEMPE,2013-06-11 10:15:00,NO_IMPROPER_ACTION,MADE_IMPROPER_TURN
2734614,2,ANGLE_FRONT_TO_SIDE,-111.917728440084,33.4075022895437,3,FOUR_WAY_INTERSECTION,ANGLE_FRONT_TO_SIDE,TEMPE,2013-06-08 09:05:00,NO_IMPROPER_ACTION,OTHER_97
2734628,2,ANGLE_FRONT_TO_SIDE,-112.233798834371,34.3985677128398,3,T_INTERSECTION,ANGLE_FRONT_TO_SIDE,UNSPECIFIED_999,2013-06-15 12:27:00,SPEED_TOO_FAST_FOR_CONDITIONS,NO_IMPROPER_ACTION
2734661,2,ANGLE_FRONT_TO_SIDE,-111.900495304256,33.4219942193993,1,FOUR_WAY_INTERSECTION,ANGLE_FRONT_TO_SIDE,TEMPE,2013-06-06 13:42:00,OTHER_97,NO_IMPROPER_ACTION
2734689,2,OTHER_97,-112.091285719751,33.5012750187722,3,T_INTERSECTION,OTHER_97,PHOENIX,2013-04-20 12:18:00,DROVE_RODE_IN_OPPOSING_TRAFFIC_LANE,NO_IMPROPER_ACTION
2734870,2,ANGLE_FRONT_TO_SIDE,-112.011505629556,33.480480954373,3,UNKNOWN_99,ANGLE_FRONT_TO_SIDE,PHOENIX,2013-04-04 12:23:00,FAILED_TO_YIELD_RIGHT_OF_WAY_103,NO_IMPROPER_ACTION
2735139,2,ANGLE_FRONT_TO_SIDE,-112.133774607252,33.6270370554014,3,T_INTERSECTION,ANGLE_FRONT_TO_SIDE,PHOENIX,2013-04-08 08:08:00,FAILED_TO_YIELD_RIGHT_OF_WAY_103,INATTENTION_DISTRACTION
2735151,2,ANGLE_FRONT_TO_SIDE,-112.114832308437,33.5094489322095,2,T_INTERSECTION,ANGLE_FRONT_TO_SIDE,PHOENIX,2013-04-09 11:40:00,INATTENTION_DISTRACTION,NO_IMPROPER_ACTION
2735170,2,ANGLE_FRONT_TO_SIDE,-112.012915373016,33.4805289855527,1,FOUR_WAY_INTERSECTION,ANGLE_FRONT_TO_SIDE,PHOENIX,2013-04-10 18:34:00,DISREGARDED_TRAFFIC_SIGNAL,NOT_APPLICABLE_MINUS_1+NOT_APPLICABLE_MINUS_1+NOT_APPLICABLE_MINUS_1+NO_IMPROPER_ACTION
2735175,2,OTHER_97,-111.928155192496,33.3194536283692,2,UNKNOWN_99,OTHER_97,CHANDLER,2013-03-06 13:24:00,WALKED_ON_WRONG_SIDE_OF_ROAD,INATTENTION_DISTRACTION
2735176,2,ANGLE_FRONT_TO_SIDE,-111.837445375148,33.3061698916583,3,FOUR_WAY_INTERSECTION,ANGLE_FRONT_TO_SIDE,CHANDLER,2013-03-06 12:50:00,DROVE_RODE_IN_OPPOSING_TRAFFIC_LANE,NO_IMPROPER_ACTION
2735193,2,ANGLE_FRONT_TO_SIDE,-111.878103693119,33.3495188552857,1,UNKNOWN_99,ANGLE_FRONT_TO_SIDE,CHANDLER,2013-03-05 13:56:00,NO_IMPROPER_ACTION,MADE_IMPROPER_TURN
2735209,2,OTHER_97,-111.841606301164,33.3206485446828,3,FOUR_WAY_INTERSECTION,OTHER_97,CHANDLER,2013-03-01 22:59:00,NO_IMPROPER_ACTION,INATTENTION_DISTRACTION
2735230,2,SIDESWIPE_SAME_DIRECTION,-112.00660300977,33.3052028008225,3,UNKNOWN_99,SIDESWIPE_SAME_DIRECTION,PHOENIX,2013-04-18 18:30:00,NO_IMPROPER_ACTION,INATTENTION_DISTRACTION
2735248,2,ANGLE_FRONT_TO_SIDE,-112.142690047663,33.6003110717717,2,T_INTERSECTION,ANGLE_FRONT_TO_SIDE,PHOENIX,2013-04-18 07:54:00,INATTENTION_DISTRACTION,NO_IMPROPER_ACTION+NOT_APPLICABLE_MINUS_1
2735297,2,LEFT_TURN,-112.124511595592,33.5166777305412,2,T_INTERSECTION,LEFT_TURN,PHOENIX,2013-04-11 17:54:00,OTHER_97,NO_IMPROPER_ACTION
2735481,2,ANGLE_FRONT_TO_SIDE,-111.648066135692,35.1971672877998,3,T_INTERSECTION,ANGLE_FRONT_TO_SIDE,FLAGSTAFF,2013-06-19 20:33:00,NO_IMPROPER_ACTION,INATTENTION_DISTRACTION
2735507,2,ANGLE_FRONT_TO_SIDE,-111.753967483264,33.3791584066522,1,FOUR_WAY_INTERSECTION,ANGLE_FRONT_TO_SIDE,GILBERT,2013-06-24 14:25:00,NO_IMPROPER_ACTION,OTHER_97
2735512,2,ANGLE_FRONT_TO_SIDE,-111.738086007659,33.3357472197724,1,FOUR_WAY_INTERSECTION,ANGLE_FRONT_TO_SIDE,GILBERT,2013-06-26 14:24:00,INATTENTION_DISTRACTION,NOT_APPLICABLE_MINUS_1+NO_IMPROPER_ACTION+NOT_APPLICABLE_MINUS_1
2735558,2,SIDESWIPE_SAME_DIRECTION,-110.844519840691,32.3103105276958,1,FOUR_WAY_INTERSECTION,SIDESWIPE_SAME_DIRECTION,UNSPECIFIED_999,2013-06-12 18:49:00,NO_IMPROPER_ACTION,FAILED_TO_KEEP_IN_PROPER_LANE
2735816,2,ANGLE_FRONT_TO_SIDE,-110.909213715133,32.1631330590445,3,FOUR_WAY_INTERSECTION,ANGLE_FRONT_TO_SIDE,UNSPECIFIED_999,2013-06-14 05:44:00,NO_IMPROPER_ACTION,FAILED_TO_YIELD_RIGHT_OF_WAY_103
2735857,2,ANGLE_FRONT_TO_SIDE,-112.263850126296,33.5085410505181,2,FOUR_WAY_INTERSECTION,ANGLE_FRONT_TO_SIDE,UNSPECIFIED_999,2013-05-09 22:17:00,DISREGARDED_TRAFFIC_SIGNAL,NO_IMPROPER_ACTION