IncidentID,num_vehicles_involved,eCollisionManner,Longitude,Latitude,InjurySeverity,eIntersectionType,eCollisionManner,city_name,IncidentDateTime,cyclist_citations,driver_citations
2741524,2,ANGLE_FRONT_TO_SIDE,-112.14320843296,33.6544896987096,3,FOUR_WAY_INTERSECTION,ANGLE_FRONT_TO_SIDE,PHOENIX,2013-05-02 07:01:00,DROVE_RODE_IN_OPPOSING_TRAFFIC_LANE,KNOWINGLY_OPERATED_WITH_FAULTY_MISSING_EQUIPMENT
2741567,2,SIDESWIPE_SAME_DIRECTION,-111.744231264588,33.3791939017793,4,UNKNOWN_99,SIDESWIPE_SAME_DIRECTION,MESA,2013-07-17 20:52:00,FAILED_TO_KEEP_IN_PROPER_LANE,NO_IMPROPER_ACTION
2741593,2,ANGLE_FRONT_TO_SIDE,-112.358164821811,33.4572179312522,3,Y_INTERSECTION,ANGLE_FRONT_TO_SIDE,GOODYEAR,2013-07-16 15:43:00,NO_IMPROPER_ACTION,NOT_APPLICABLE_MINUS_1+NOT_APPLICABLE_MINUS_1+FAILED_TO_YIELD_RIGHT_OF_WAY_103
2741600,2,ANGLE_FRONT_TO_SIDE,-112.161605530757,33.4840672976809,3,UNKNOWN_99,ANGLE_FRONT_TO_SIDE,PHOENIX,2013-05-06 16:31:00,UNSAFE_LANE_CHANGE,NO_IMPROPER_ACTION
2741757,2,ANGLE_FRONT_TO_SIDE,-111.978404272246,33.3781805463173,1,FOUR_WAY_INTERSECTION,ANGLE_FRONT_TO_SIDE,PHOENIX,2013-05-12 06:37:00,MADE_IMPROPER_TURN,SPEED_TOO_FAST_FOR_CONDITIONS
2741758,2,OTHER_97,-112.133811956159,33.6097195760372,3,UNKNOWN_99,OTHER_97,PHOENIX,2013-04-29 21:30:00,DID_NOT_USE_CROSSWALK,NO_IMPROPER_ACTION+NOT_APPLICABLE_MINUS_1
2741759,2,LEFT_TURN,-111.995901897104,33.4804322376249,2,UNKNOWN_99,LEFT_TURN,PHOENIX,2013-05-11 14:29:00,NO_IMPROPER_ACTION,UNKNOWN_99
2742135,2,ANGLE_FRONT_TO_SIDE,-112.06456392823,33.4874612301378,2,NOT_AT_INTERSECTION_0,ANGLE_FRONT_TO_SIDE,PHOENIX,2013-05-14 11:24:00,DROVE_RODE_IN_OPPOSING_TRAFFIC_LANE,INATTENTION_DISTRACTION
2742181,2,LEFT_TURN,-111.701520848571,33.4518643263247,2,FOUR_WAY_INTERSECTION,LEFT_TURN,MESA,2013-06-10 13:01:00,NO_IMPROPER_ACTION,OTHER_97
2742239,2,ANGLE_FRONT_TO_SIDE,-112.186440234957,33.5022612092518,2,FOUR_WAY_INTERSECTION,ANGLE_FRONT_TO_SIDE,PHOENIX,2013-05-15 21:19:00,NO_IMPROPER_ACTION,DISREGARDED_TRAFFIC_SIGNAL
2742279,2,ANGLE_FRONT_TO_SIDE,-111.784409223249,33.4081251231231,4,UNKNOWN_99,ANGLE_FRONT_TO_SIDE,MESA,2013-06-21 18:22:00,NO_IMPROPER_ACTION,UNSAFE_LANE_CHANGE
2742303,2,ANGLE_FRONT_TO_SIDE,-112.099865862938,33.6837537188485,2,FOUR_WAY_INTERSECTION,ANGLE_FRONT_TO_SIDE,PHOENIX,2013-05-04 12:22:00,UNKNOWN_99,UNKNOWN_99+NOT_APPLICABLE_MINUS_1
2742310,2,LEFT_TURN,0,0,3,NOT_REPORTED_255,LEFT_TURN,PRESCOTT,2013-07-21 08:04:00,NO_IMPROPER_ACTION,INATTENTION_DISTRACTION
2742330,2,HEAD_ON,-111.67827733702,33.4079108413057,2,T_INTERSECTION,HEAD_ON,MESA,2013-06-09 08:38:00,NO_IMPROPER_ACTION,NOT_APPLICABLE_MINUS_1+DROVE_RODE_IN_OPPOSING_TRAFFIC_LANE+NOT_APPLICABLE_MINUS_1+NOT_APPLICABLE_MINUS_1
2742336,2,ANGLE_FRONT_TO_SIDE,-111.841375146406,33.4514260593221,3,UNKNOWN_99,ANGLE_FRONT_TO_SIDE,MESA,2013-06-10 14:41:00,DROVE_RODE_IN_OPPOSING_TRAFFIC_LANE,NO_IMPROPER_ACTION
2742412,2,ANGLE_FRONT_TO_SIDE,-112.075122724177,33.4512819295532,3,FOUR_WAY_INTERSECTION,ANGLE_FRONT_TO_SIDE,PHOENIX,2013-05-12 08:10:00,OTHER_97,FAILED_TO_YIELD_RIGHT_OF_WAY_103+NOT_APPLICABLE_MINUS_1
2742485,2,ANGLE_FRONT_TO_SIDE,-111.840072863325,33.396941187806,2,T_INTERSECTION,ANGLE_FRONT_TO_SIDE,MESA,2013-06-22 18:31:00,NO_IMPROPER_ACTION,NOT_APPLICABLE_MINUS_1+NOT_APPLICABLE_MINUS_1+INATTENTION_DISTRACTION
2742493,2,SIDESWIPE_OPPOSITE_DIRECTION,-111.757318740845,32.8955135549579,1,UNKNOWN_99,SIDESWIPE_OPPOSITE_DIRECTION,CASA GRANDE,2013-07-16 09:39:00,FAILED_TO_YIELD_RIGHT_OF_WAY_103,NO_IMPROPER_ACTION
2742527,2,OTHER_97,-112.115522159303,33.6465497709563,2,NOT_AT_INTERSECTION_0,OTHER_97,PHOENIX,2013-07-27 04:37:00,UNKNOWN_99,UNKNOWN_99
2742666,2,LEFT_TURN,-110.248821218647,31.5602369841045,1,FOUR_WAY_INTERSECTION,LEFT_TURN,SIERRA VISTA,2013-06-24 18:16:00,NO_IMPROPER_ACTION,FAILED_TO_YIELD_RIGHT_OF_WAY_103+NOT_APPLICABLE_MINUS_1+NOT_APPLICABLE_MINUS_1
2742684,2,ANGLE_FRONT_TO_SIDE,-110.244194093085,31.5546223905206,3,NOT_AT_INTERSECTION_0,ANGLE_FRONT_TO_SIDE,SIERRA VISTA,2013-06-21 17:33:00,FAILED_TO_YIELD_RIGHT_OF_WAY_103,NO_IMPROPER_ACTION
2742696,2,LEFT_TURN,-110.929719278618,31.9576500941747,2,T_INTERSECTION,LEFT_TURN,UNSPECIFIED_999,2013-07-03 08:43:00,FAILED_TO_YIELD_RIGHT_OF_WAY_103,NO_IMPROPER_ACTION
2742741,2,ANGLE_FRONT_TO_SIDE,-112.431225694754,33.4343255726059,1,FOUR_WAY_INTERSECTION,ANGLE_FRONT_TO_SIDE,GOODYEAR,2013-07-22 13:23:00,DROVE_RODE_IN_OPPOSING_TRAFFIC_LANE,NOT_APPLICABLE_MINUS_1+NO_IMPROPER_ACTION
2742774,2,ANGLE_FRONT_TO_SIDE,-111.325698068722,34.2325360672953,3,T_INTERSECTION,ANGLE_FRONT_TO_SIDE,PAYSON,2013-07-08 09:10:00,NO_IMPROPER_ACTION,OTHER_97
2742784,2,REAR_END,-110.961141704362,32.3227001344121,2,FOUR_WAY_INTERSECTION,REAR_END,UNSPECIFIED_999,2013-07-11 16:24:00,NO_IMPROPER_ACTION,FOLLOWED_TOO_CLOSELY+NOT_APPLICABLE_MINUS_1
2742848,3,ANGLE_FRONT_TO_SIDE,-111.943769452672,33.3928339707072,1,UNKNOWN_99,ANGLE_FRONT_TO_SIDE,TEMPE,2013-07-10 16:45:00,UNKNOWN_99+UNKNOWN_99,UNKNOWN_99
2742859,2,ANGLE_FRONT_TO_SIDE,-111.931471547865,33.4424059995635,4,T_INTERSECTION,ANGLE_FRONT_TO_SIDE,TEMPE,2013-07-11 10:43:00,NO_IMPROPER_ACTION,FAILED_TO_YIELD_RIGHT_OF_WAY_103
2742926,2,ANGLE_FRONT_TO_SIDE,-111.943876320531,33.3782149043716,3,FOUR_WAY_INTERSECTION,ANGLE_FRONT_TO_SIDE,TEMPE,2013-07-13 13:06:00,DISREGARDED_TRAFFIC_SIGNAL,NO_IMPROPER_ACTION
2742935,2,ANGLE_FRONT_TO_SIDE,-111.684787275254,33.3903664728799,2,FOUR_WAY_INTERSECTION,ANGLE_FRONT_TO_SIDE,MESA,2013-06-21 21:32:00,DISREGARDED_TRAFFIC_SIGNAL,NO_IMPROPER_ACTION
2742988,2,ANGLE_FRONT_TO_SIDE,-111.833139883491,33.3933326525242,1,FOUR_WAY_INTERSECTION,ANGLE_FRONT_TO_SIDE,MESA,2013-06-07 11:23:00,OTHER_97,OTHER_97
2742994,2,ANGLE_FRONT_TO_SIDE,-111.938282729037,33.3928713281612,2,UNKNOWN_99,ANGLE_FRONT_TO_SIDE,TEMPE,2013-06-28 11:05:00,DROVE_RODE_IN_OPPOSING_TRAFFIC_LANE,FAILED_TO_YIELD_RIGHT_OF_WAY_103
2743001,2,ANGLE_FRONT_TO_SIDE,-112.142906288069,33.5094368137004,2,FOUR_WAY_INTERSECTION,ANGLE_FRONT_TO_SIDE,PHOENIX,2013-04-19 07:36:00,OTHER_97,FAILED_TO_YIELD_RIGHT_OF_WAY_103
2743016,2,ANGLE_FRONT_TO_SIDE,-111.863742085765,33.3930920217688,2,FOUR_WAY_INTERSECTION,ANGLE_FRONT_TO_SIDE,MESA,2013-06-08 20:23:00,OTHER_97,OTHER_97
2743038,2,ANGLE_FRONT_TO_SIDE,-111.952444399017,33.383243974121,1,T_INTERSECTION,ANGLE_FRONT_TO_SIDE,TEMPE,2013-07-02 10:15:00,DROVE_RODE_IN_OPPOSING_TRAFFIC_LANE,NO_IMPROPER_ACTION
2743113,2,ANGLE_FRONT_TO_SIDE,-112.159697431958,33.4949333755027,3,FOUR_WAY_INTERSECTION,ANGLE_FRONT_TO_SIDE,PHOENIX,2013-07-29 14:20:00,UNSAFE_LANE_CHANGE,NO_IMPROPER_ACTION
2743191,2,ANGLE_FRONT_TO_SIDE,0,0,2,FOUR_WAY_INTERSECTION,ANGLE_FRONT_TO_SIDE,FLAGSTAFF,2013-07-12 16:03:00,NO_IMPROPER_ACTION,INATTENTION_DISTRACTION+NOT_APPLICABLE_MINUS_1+NOT_APPLICABLE_MINUS_1
2743194,2,OTHER_97,-111.630395225743,35.191428290369,2,NOT_AT_INTERSECTION_0,OTHER_97,FLAGSTAFF,2013-07-06 16:47:00,UNKNOWN_99,NOT_APPLICABLE_MINUS_1+OTHER_97
2743215,2,ANGLE_FRONT_TO_SIDE,-111.645517949518,35.1974473585303,4,FOUR_WAY_INTERSECTION,ANGLE_FRONT_TO_SIDE,FLAGSTAFF,2013-07-15 07:12:00,RAN_STOP_SIGN,NO_IMPROPER_ACTION
2743324,2,LEFT_TURN,-112.069445636561,33.4801250400054,3,FOUR_WAY_INTERSECTION,LEFT_TURN,PHOENIX,2013-07-25 11:19:00,FAILED_TO_YIELD_RIGHT_OF_WAY_103,NO_IMPROPER_ACTION
2743349,2,ANGLE_FRONT_TO_SIDE,-112.11394592594,33.6545330429482,3,FOUR_WAY_INTERSECTION,ANGLE_FRONT_TO_SIDE,PHOENIX,2013-07-25 17:04:00,NO_IMPROPER_ACTION,FAILED_TO_YIELD_RIGHT_OF_WAY_103
2743441,2,ANGLE_FRONT_TO_SIDE,-111.763311368139,33.335640760177,3,T_INTERSECTION,ANGLE_FRONT_TO_SIDE,GILBERT,2013-07-25 16:12:00,NO_IMPROPER_ACTION,NO_IMPROPER_ACTION
2743489,2,ANGLE_FRONT_TO_SIDE,-112.298509407367,33.5655355200355,2,FOUR_WAY_INTERSECTION,ANGLE_FRONT_TO_SIDE,UNSPECIFIED_999,2013-05-31 06:24:00,SPEED_TOO_FAST_FOR_CONDITIONS,NO_IMPROPER_ACTION
2743534,2,ANGLE_FRONT_TO_SIDE,-111.61733620523,33.2486091806015,2,T_INTERSECTION,ANGLE_FRONT_TO_SIDE,UNSPECIFIED_999,2013-07-01 11:56:00,OTHER_UNSAFE_PASSING,NOT_APPLICABLE_MINUS_1+INATTENTION_DISTRACTION+NOT_APPLICABLE_MINUS_1+NOT_APPLICABLE_MINUS_1
2743587,2,ANGLE_FRONT_TO_SIDE,-112.272631659308,33.5803188569704,1,FOUR_WAY_INTERSECTION,ANGLE_FRONT_TO_SIDE,UNSPECIFIED_999,2013-06-23 14:00:00,OTHER_97,NO_IMPROPER_ACTION
2743654,2,ANGLE_FRONT_TO_SIDE,-112.124977599794,33.6396289082045,3,T_INTERSECTION,ANGLE_FRONT_TO_SIDE,PHOENIX,2013-07-31 07:29:00,UNKNOWN_99,UNKNOWN_99
2743656,2,OTHER_97,-112.065708311163,33.6376127820279,3,FOUR_WAY_INTERSECTION,OTHER_97,PHOENIX,2013-07-31 11:19:00,OTHER_97,NO_IMPROPER_ACTION+NOT_APPLICABLE_MINUS_1+NOT_APPLICABLE_MINUS_1
2743962,2,ANGLE_FRONT_TO_SIDE,-112.299079387639,33.5063705667928,2,T_INTERSECTION,ANGLE_FRONT_TO_SIDE,PHOENIX,2013-05-18 06:49:00,NO_IMPROPER_ACTION,FAILED_TO_YIELD_RIGHT_OF_WAY_103
2743981,2,OTHER_97,-112.056225523084,33.5238254472851,2,FOUR_WAY_INTERSECTION,OTHER_97,PHOENIX,2013-05-21 15:00:00,NO_IMPROPER_ACTION,FAILED_TO_YIELD_RIGHT_OF_WAY_103
2744121,2,SIDESWIPE_SAME_DIRECTION,-112.126059156479,33.4504235886496,3,NOT_AT_INTERSECTION_0,SIDESWIPE_SAME_DIRECTION,PHOENIX,2013-08-01 07:40:00,NO_IMPROPER_ACTION,SPEED_TOO_FAST_FOR_CONDITIONS
2744137,2,OTHER_97,-112.015529998524,33.6263364085207,2,T_INTERSECTION,OTHER_97,PHOENIX,2013-07-12 07:27:00,DROVE_RODE_IN_OPPOSING_TRAFFIC_LANE,OTHER_97
2744396,2,ANGLE_FRONT_TO_SIDE,-112.354980835133,33.6236919245221,2,UNKNOWN_99,ANGLE_FRONT_TO_SIDE,SURPRISE,2013-07-10 06:40:00,UNKNOWN_99,UNKNOWN_99
2744409,2,ANGLE_FRONT_TO_SIDE,-111.785537448857,33.291979665839,1,T_INTERSECTION,ANGLE_FRONT_TO_SIDE,GILBERT,2013-07-29 16:15:00,NO_IMPROPER_ACTION,INATTENTION_DISTRACTION
2744446,2,REAR_END,-112.026934749523,33.08477669274,3,FOUR_WAY_INTERSECTION,REAR_END,MARICOPA,2013-02-28 18:44:00,INATTENTION_DISTRACTION,NO_IMPROPER_ACTION
2744505,2,SIDESWIPE_OPPOSITE_DIRECTION,-111.550273799959,33.4143636539078,3,UNKNOWN_99,SIDESWIPE_OPPOSITE_DIRECTION,APACHE JUNCTION,2013-07-21 10:56:00,DROVE_RODE_IN_OPPOSING_TRAFFIC_LANE,UNKNOWN_99
2744666,2,LEFT_TURN,-110.661969406365,31.7351935788523,3,NOT_AT_INTERSECTION_0,LEFT_TURN,UNSPECIFIED_999,2013-07-12 13:26:00,MADE_IMPROPER_TURN,NO_IMPROPER_ACTION+NOT_APPLICABLE_MINUS_1
2744728,2,ANGLE_FRONT_TO_SIDE,-110.994941557405,31.8740822479335,2,UNKNOWN_99,ANGLE_FRONT_TO_SIDE,UNSPECIFIED_999,2013-07-13 14:05:00,OTHER_97,NO_IMPROPER_ACTION
2744806,2,ANGLE_FRONT_TO_SIDE,-112.317829893706,33.6089224517303,3,UNKNOWN_99,ANGLE_FRONT_TO_SIDE,EL MIRAGE,2013-07-13 11:07:00,OTHER_97,NO_IMPROPER_ACTION+NOT_APPLICABLE_MINUS_1
2744889,2,SIDESWIPE_SAME_DIRECTION,-111.529138592255,32.9806825550159,4,UNKNOWN_99,SIDESWIPE_SAME_DIRECTION,COOLIDGE,2013-06-11 18:46:00,SPEED_TOO_FAST_FOR_CONDITIONS,MADE_IMPROPER_TURN
2744995,2,ANGLE_FRONT_TO_SIDE,0,0,3,FOUR_WAY_INTERSECTION,ANGLE_FRONT_TO_SIDE,TEMPE,2013-07-18 14:29:00,OTHER_97,NO_IMPROPER_ACTION
2745015,2,ANGLE_FRONT_TO_SIDE,-111.934893349913,33.4074321745227,2,FOUR_WAY_INTERSECTION,ANGLE_FRONT_TO_SIDE,TEMPE,2013-07-15 15:03:00,DISREGARDED_TRAFFIC_SIGNAL,NO_IMPROPER_ACTION
2745093,2,ANGLE_FRONT_TO_SIDE,-111.917535685221,33.4657764019834,3,FOUR_WAY_INTERSECTION,ANGLE_FRONT_TO_SIDE,SCOTTSDALE,2013-05-29 13:43:00,NO_IMPROPER_ACTION,NOT_APPLICABLE_MINUS_1+NOT_APPLICABLE_MINUS_1+DISREGARDED_TRAFFIC_SIGNAL+NOT_APPLICABLE_MINUS_1
2745115,2,ANGLE_FRONT_TO_SIDE,-111.824975891483,33.4172499091725,1,FOUR_WAY_INTERSECTION,ANGLE_FRONT_TO_SIDE,MESA,2013-06-19 16:53:00,KNOWINGLY_OPERATED_WITH_FAULTY_MISSING_EQUIPMENT,NO_IMPROPER_ACTION
2745146,2,ANGLE_FRONT_TO_SIDE,-111.904177014343,33.4147647695239,3,T_INTERSECTION,ANGLE_FRONT_TO_SIDE,TEMPE,2013-07-06 15:44:00,DROVE_RODE_IN_OPPOSING_TRAFFIC_LANE,INATTENTION_DISTRACTION
2745249,2,ANGLE_FRONT_TO_SIDE,-110.252211820635,31.5586223655043,3,FOUR_WAY_INTERSECTION,ANGLE_FRONT_TO_SIDE,SIERRA VISTA,2013-07-26 12:38:00,NO_IMPROPER_ACTION,FAILED_TO_YIELD_RIGHT_OF_WAY_103+NOT_APPLICABLE_MINUS_1+NOT_APPLICABLE_MINUS_1
2745250,2,ANGLE_FRONT_TO_SIDE,-110.260124527322,31.5327716429175,3,T_INTERSECTION,ANGLE_FRONT_TO_SIDE,SIERRA VISTA,2013-08-01 07:47:00,NO_IMPROPER_ACTION,FAILED_TO_YIELD_RIGHT_OF_WAY_103
2745409,2,HEAD_ON,-110.964821307861,32.2264555773084,3,FOUR_WAY_INTERSECTION,HEAD_ON,TUCSON,2013-07-28 02:08:00,NO_IMPROPER_ACTION,SPEED_TOO_FAST_FOR_CONDITIONS
2745412,2,ANGLE_FRONT_TO_SIDE,-110.913075354505,32.2505744520214,2,FOUR_WAY_INTERSECTION,ANGLE_FRONT_TO_SIDE,TUCSON,2013-07-20 09:50:00,OTHER_97,UNKNOWN_99+NOT_APPLICABLE_MINUS_1
2745450,3,ANGLE_FRONT_TO_SIDE,-110.969633472496,32.2865519024044,3,FOUR_WAY_INTERSECTION,ANGLE_FRONT_TO_SIDE,TUCSON,2013-07-22 19:00:00,NO_IMPROPER_ACTION,NO_IMPROPER_ACTION+DISREGARDED_TRAFFIC_SIGNAL
2745453,2,ANGLE_FRONT_TO_SIDE,-110.857937455783,32.2002291714975,3,T_INTERSECTION,ANGLE_FRONT_TO_SIDE,TUCSON,2013-07-23 12:40:00,FAILED_TO_YIELD_RIGHT_OF_WAY_103,UNKNOWN_99
2745536,2,ANGLE_FRONT_TO_SIDE,-112.168604307472,33.5397506825001,3,T_INTERSECTION,ANGLE_FRONT_TO_SIDE,GLENDALE,2013-06-13 16:22:00,OTHER_97,DISREGARDED_TRAFFIC_SIGNAL
2745595,2,OTHER_97,-111.979047143295,33.4801017388021,3,NOT_AT_INTERSECTION_0,OTHER_97,PHOENIX,2013-04-19 07:49:00,INATTENTION_DISTRACTION,NO_IMPROPER_ACTION
2745601,2,HEAD_ON,-112.114401945061,33.5385892685824,3,NOT_AT_INTERSECTION_0,HEAD_ON,PHOENIX,2013-05-06 05:40:00,DROVE_RODE_IN_OPPOSING_TRAFFIC_LANE,NO_IMPROPER_ACTION
2745632,2,SIDESWIPE_SAME_DIRECTION,-112.073529345987,33.480255701705,3,FOUR_WAY_INTERSECTION,SIDESWIPE_SAME_DIRECTION,PHOENIX,2013-04-30 09:40:00,NO_IMPROPER_ACTION,MADE_IMPROPER_TURN
2745676,2,UNKNOWN_99,-112.216165833564,33.5090805023091,2,T_INTERSECTION,UNKNOWN_99,GLENDALE,2013-06-08 06:21:00,DROVE_RODE_IN_OPPOSING_TRAFFIC_LANE,NO_IMPROPER_ACTION
2745703,2,SIDESWIPE_SAME_DIRECTION,-112.12172103182,33.4421906320182,3,T_INTERSECTION,SIDESWIPE_SAME_DIRECTION,PHOENIX,2013-05-23 17:39:00,NO_IMPROPER_ACTION,FAILED_TO_YIELD_RIGHT_OF_WAY_103
2745706,2,ANGLE_FRONT_TO_SIDE,-112.064662884634,33.3922452155392,1,FOUR_WAY_INTERSECTION,ANGLE_FRONT_TO_SIDE,PHOENIX,2013-04-26 17:29:00,NO_IMPROPER_ACTION,FAILED_TO_YIELD_RIGHT_OF_WAY_103
2745709,2,ANGLE_FRONT_TO_SIDE,-112.233424798324,33.638158955762,2,FOUR_WAY_INTERSECTION,ANGLE_FRONT_TO_SIDE,GLENDALE,2013-06-06 09:12:00,DROVE_RODE_IN_OPPOSING_TRAFFIC_LANE,NO_IMPROPER_ACTION
2745725,2,ANGLE_FRONT_TO_SIDE,-112.099690191068,33.5164082599978,3,T_INTERSECTION,ANGLE_FRONT_TO_SIDE,PHOENIX,2013-05-16 03:52:00,OTHER_97,NO_IMPROPER_ACTION
2745841,2,ANGLE_FRONT_TO_SIDE,-112.109204765499,33.5240829414466,3,UNKNOWN_99,ANGLE_FRONT_TO_SIDE,PHOENIX,2013-06-01 17:00:00,NO_IMPROPER_ACTION,SPEED_TOO_FAST_FOR_CONDITIONS
2746002,2,OTHER_97,-112.073782401458,33.4765961411316,2,T_INTERSECTION,OTHER_97,PHOENIX,2013-05-20 18:16:00,NO_IMPROPER_ACTION,NO_IMPROPER_ACTION
2746003,2,OTHER_97,-112.03886592349,33.5056692178065,1,FOUR_WAY_INTERSECTION,OTHER_97,PHOENIX,2013-05-19 15:10:00,OTHER_97,NO_IMPROPER_ACTION+NOT_APPLICABLE_MINUS_1+NOT_APPLICABLE_MINUS_1
2746074,2,ANGLE_FRONT_TO_SIDE,-112.2205309047,33.4801886573458,2,UNKNOWN_99,ANGLE_FRONT_TO_SIDE,PHOENIX,2013-05-15 15:12:00,FAILED_TO_YIELD_RIGHT_OF_WAY_103,NO_IMPROPER_ACTION
2746102,2,ANGLE_FRONT_TO_SIDE,-112.099130520006,33.3890114645922,3,T_INTERSECTION,ANGLE_FRONT_TO_SIDE,PHOENIX,2013-05-20 16:12:00,SPEED_TOO_FAST_FOR_CONDITIONS,INATTENTION_DISTRACTION
2746118,2,SIDESWIPE_OPPOSITE_DIRECTION,-112.083584106294,33.3886611974739,3,UNKNOWN_99,SIDESWIPE_OPPOSITE_DIRECTION,PHOENIX,2013-05-10 16:42:00,OTHER_97,NO_IMPROPER_ACTION
2746126,2,OTHER_97,-111.007097009803,32.1594105653442,5,FOUR_WAY_INTERSECTION,OTHER_97,UNSPECIFIED_999,2013-05-23 03:30:00,NO_IMPROPER_ACTION,DISREGARDED_TRAFFIC_SIGNAL
2746134,2,ANGLE_FRONT_TO_SIDE,-112.128595872724,33.4949502982186,2,UNKNOWN_99,ANGLE_FRONT_TO_SIDE,PHOENIX,2013-05-21 16:40:00,UNKNOWN_99,NOT_APPLICABLE_MINUS_1+NOT_APPLICABLE_MINUS_1+NO_IMPROPER_ACTION
2746167,2,UNKNOWN_99,-112.34105834276,33.4389488382574,3,FOUR_WAY_INTERSECTION,UNKNOWN_99,AVONDALE,2013-07-24 14:00:00,UNKNOWN_99,UNKNOWN_99
2746225,2,ANGLE_FRONT_TO_SIDE,-112.349660606501,33.448607666454,4,UNKNOWN_99,ANGLE_FRONT_TO_SIDE,AVONDALE,2013-08-01 15:07:00,NO_IMPROPER_ACTION,FAILED_TO_YIELD_RIGHT_OF_WAY_103
2746244,2,ANGLE_FRONT_TO_SIDE,-112.152224422407,33.8711741700188,3,FOUR_WAY_INTERSECTION,ANGLE_FRONT_TO_SIDE,PHOENIX,2013-08-07 09:45:00,FAILED_TO_YIELD_RIGHT_OF_WAY_103,NO_IMPROPER_ACTION
2746468,2,LEFT_TURN,-111.680917553029,35.1877711949647,2,UNKNOWN_99,LEFT_TURN,FLAGSTAFF,2013-06-27 17:01:00,NO_IMPROPER_ACTION,FAILED_TO_YIELD_RIGHT_OF_WAY_103
2746483,2,ANGLE_FRONT_TO_SIDE,-111.978931832935,33.6017374879964,1,FOUR_WAY_INTERSECTION,ANGLE_FRONT_TO_SIDE,PHOENIX,2013-04-20 16:01:00,INATTENTION_DISTRACTION,NO_IMPROPER_ACTION
2746489,2,OTHER_97,-112.140168080887,33.5239610747603,5,UNKNOWN_99,OTHER_97,PHOENIX,2013-05-24 20:26:00,DROVE_RODE_IN_OPPOSING_TRAFFIC_LANE,UNKNOWN_99
2746536,2,ANGLE_FRONT_TO_SIDE,-112.069423904256,33.465830659605,2,FOUR_WAY_INTERSECTION,ANGLE_FRONT_TO_SIDE,PHOENIX,2013-08-05 06:44:00,FAILED_TO_YIELD_RIGHT_OF_WAY_103,NO_IMPROPER_ACTION
2746549,2,ANGLE_FRONT_TO_SIDE,-112.099995267481,33.4459522149136,2,FOUR_WAY_INTERSECTION,ANGLE_FRONT_TO_SIDE,PHOENIX,2013-07-30 08:53:00,INATTENTION_DISTRACTION,NO_IMPROPER_ACTION
2746686,2,OTHER_97,-111.416993505914,33.020152436007,5,NOT_AT_INTERSECTION_0,OTHER_97,FLORENCE,2013-07-25 10:29:00,NO_IMPROPER_ACTION,FOLLOWED_TOO_CLOSELY
2746708,2,REAR_END,-112.445755043821,34.6143336733068,3,UNKNOWN_99,REAR_END,PRESCOTT,2013-07-31 10:00:00,FOLLOWED_TOO_CLOSELY,NO_IMPROPER_ACTION
2746920,2,OTHER_97,-112.073793435731,33.4427357656303,3,NOT_AT_INTERSECTION_0,OTHER_97,PHOENIX,2013-07-31 09:39:00,OTHER_97,NO_IMPROPER_ACTION
2747258,2,REAR_END,-112.540779351024,34.6956207343806,1,T_INTERSECTION,REAR_END,UNSPECIFIED_999,2013-07-20 08:07:00,INATTENTION_DISTRACTION,FAILED_TO_YIELD_RIGHT_OF_WAY_103
2747280,3,ANGLE_FRONT_TO_SIDE,-112.151129542399,33.6205973229342,4,NOT_AT_INTERSECTION_0,ANGLE_FRONT_TO_SIDE,PHOENIX,2013-06-02 13:41:00,UNSAFE_LANE_CHANGE,NOT_APPLICABLE_MINUS_1+NO_IMPROPER_ACTION+NO_IMPROPER_ACTION
2747295,2,ANGLE_FRONT_TO_SIDE,-111.980649109552,33.3300735512659,2,NOT_AT_INTERSECTION_0,ANGLE_FRONT_TO_SIDE,PHOENIX,2013-06-06 17:23:00,NO_IMPROPER_ACTION,FAILED_TO_YIELD_RIGHT_OF_WAY_103
2747325,2,ANGLE_FRONT_TO_SIDE,-112.056354687425,33.4765400621561,2,FOUR_WAY_INTERSECTION,ANGLE_FRONT_TO_SIDE,PHOENIX,2013-05-31 10:43:00,UNKNOWN_99,UNKNOWN_99
2747335,2,OTHER_97,-111.979437683631,33.34895690955,4,NOT_AT_INTERSECTION_0,OTHER_97,PHOENIX,2013-05-29 23:50:00,NO_IMPROPER_ACTION,FAILED_TO_KEEP_IN_PROPER_LANE
2747381,2,ANGLE_FRONT_TO_SIDE,-112.100077139862,33.4512557185591,2,FOUR_WAY_INTERSECTION,ANGLE_FRONT_TO_SIDE,PHOENIX,2013-06-02 13:40:00,DID_NOT_USE_CROSSWALK,NO_IMPROPER_ACTION+NOT_APPLICABLE_MINUS_1