IncidentID,num_vehicles_involved,eCollisionManner,Longitude,Latitude,InjurySeverity,eIntersectionType,eCollisionManner,city_name,IncidentDateTime,cyclist_citations,driver_citations
2763901,2,ANGLE_FRONT_TO_SIDE,-112.454080530819,34.7313993097243,4,INTERSECTION_AS_PART_OF_INTERCHANGE,ANGLE_FRONT_TO_SIDE,CHINO VALLEY,2013-09-26 17:22:00,OTHER_97,INATTENTION_DISTRACTION+NOT_APPLICABLE_MINUS_1
2763903,2,OTHER_97,-110.806765379578,32.2245421467553,3,FOUR_WAY_INTERSECTION,OTHER_97,TUCSON,2013-09-20 07:34:00,OTHER_97,NO_IMPROPER_ACTION
2763922,2,OTHER_97,-111.763565901414,34.8660511361962,3,ROUNDABOUT,OTHER_97,SEDONA,2013-09-18 14:01:00,NO_IMPROPER_ACTION,FAILED_TO_YIELD_RIGHT_OF_WAY_103
2763933,2,REAR_END,0,0,3,NOT_AT_INTERSECTION_0,REAR_END,SNOWFLAKE,2013-09-18 14:24:00,MADE_IMPROPER_TURN,NO_IMPROPER_ACTION+NOT_APPLICABLE_MINUS_1
2764062,2,HEAD_ON,-111.003409328906,32.28437327841,3,NOT_AT_INTERSECTION_0,HEAD_ON,UNSPECIFIED_999,2013-08-31 18:26:00,NO_IMPROPER_ACTION,DROVE_RODE_IN_OPPOSING_TRAFFIC_LANE
2764075,2,UNKNOWN_99,-110.978159105831,32.2859288573533,1,NOT_REPORTED_255,UNKNOWN_99,TUCSON,2013-09-01 21:26:00,OTHER_97,FAILED_TO_YIELD_RIGHT_OF_WAY_103
2764113,2,ANGLE_FRONT_TO_SIDE,-112.104058149756,33.639915198395,2,T_INTERSECTION,ANGLE_FRONT_TO_SIDE,PHOENIX,2013-10-04 06:19:00,FAILED_TO_YIELD_RIGHT_OF_WAY_103,NO_IMPROPER_ACTION
2764270,2,UNKNOWN_99,-112.1084237824,33.4806919203214,3,FOUR_WAY_INTERSECTION,UNKNOWN_99,PHOENIX,2013-07-25 15:58:00,NO_IMPROPER_ACTION,DISREGARDED_TRAFFIC_SIGNAL
2764292,2,OTHER_97,-112.120085173071,33.5963949826495,2,FOUR_WAY_INTERSECTION,OTHER_97,PHOENIX,2013-07-27 15:46:00,DISREGARDED_TRAFFIC_SIGNAL,NOT_APPLICABLE_MINUS_1+NO_IMPROPER_ACTION
2764322,2,ANGLE_FRONT_TO_SIDE,0,0,3,T_INTERSECTION,ANGLE_FRONT_TO_SIDE,UNSPECIFIED_999,2013-09-04 18:05:00,NO_IMPROPER_ACTION,FAILED_TO_YIELD_RIGHT_OF_WAY_103
2764349,2,OTHER_97,-112.104581557669,33.5675673145602,2,NOT_AT_INTERSECTION_0,OTHER_97,PHOENIX,2013-08-08 07:21:00,OTHER_97,NO_IMPROPER_ACTION
2764370,2,LEFT_TURN,-110.965558221051,32.2277338010848,2,FOUR_WAY_INTERSECTION,LEFT_TURN,TUCSON,2013-09-17 18:53:00,NO_IMPROPER_ACTION,FAILED_TO_YIELD_RIGHT_OF_WAY_103
2764382,2,ANGLE_FRONT_TO_SIDE,-110.798439118793,32.2097140166788,2,FOUR_WAY_INTERSECTION,ANGLE_FRONT_TO_SIDE,TUCSON,2013-09-18 07:29:00,NO_IMPROPER_ACTION,NOT_APPLICABLE_MINUS_1+NOT_APPLICABLE_MINUS_1+ELECTRONIC_COMMUNICATIONS_DEVICE+NOT_APPLICABLE_MINUS_1
2764399,2,OTHER_97,-111.012698851171,32.294349211321,3,T_INTERSECTION,OTHER_97,UNSPECIFIED_999,2013-09-09 09:46:00,DROVE_RODE_IN_OPPOSING_TRAFFIC_LANE,NO_IMPROPER_ACTION
2764403,2,SIDESWIPE_SAME_DIRECTION,-110.909610935471,32.2215613692357,1,FOUR_WAY_INTERSECTION,SIDESWIPE_SAME_DIRECTION,TUCSON,2013-09-19 07:48:00,NO_IMPROPER_ACTION,UNSAFE_LANE_CHANGE
2764444,2,OTHER_97,-110.965558221051,32.2277338010848,1,FOUR_WAY_INTERSECTION,OTHER_97,TUCSON,2013-09-19 18:05:00,UNKNOWN_99,UNKNOWN_99
2764496,2,ANGLE_FRONT_TO_SIDE,-112.148989066193,33.465962004342,3,NOT_AT_INTERSECTION_0,ANGLE_FRONT_TO_SIDE,PHOENIX,2013-08-05 16:52:00,NO_IMPROPER_ACTION,FAILED_TO_YIELD_RIGHT_OF_WAY_103
2764497,3,UNKNOWN_99,-110.861129885528,32.2215286105957,2,UNKNOWN_99,UNKNOWN_99,TUCSON,2013-09-23 21:43:00,OTHER_97,UNKNOWN_99+UNKNOWN_99
2764499,2,ANGLE_FRONT_TO_SIDE,-110.963475948119,32.266637393393,1,FOUR_WAY_INTERSECTION,ANGLE_FRONT_TO_SIDE,TUCSON,2013-09-24 01:20:00,NO_IMPROPER_ACTION,UNKNOWN_99
2764517,2,OTHER_97,-110.965664925673,32.2395322724478,3,FOUR_WAY_INTERSECTION,OTHER_97,TUCSON,2013-09-24 16:58:00,NO_IMPROPER_ACTION,FAILED_TO_YIELD_RIGHT_OF_WAY_103
2764518,2,ANGLE_FRONT_TO_SIDE,-112.134255940442,33.5675354911233,3,FOUR_WAY_INTERSECTION,ANGLE_FRONT_TO_SIDE,PHOENIX,2013-08-01 22:18:00,DISREGARDED_TRAFFIC_SIGNAL,NO_IMPROPER_ACTION
2764520,2,ANGLE_FRONT_TO_SIDE,-112.183115513833,33.4513057383529,3,T_INTERSECTION,ANGLE_FRONT_TO_SIDE,PHOENIX,2013-08-02 05:10:00,KNOWINGLY_OPERATED_WITH_FAULTY_MISSING_EQUIPMENT,FAILED_TO_YIELD_RIGHT_OF_WAY_103
2764597,2,OTHER_97,-112.151645730367,33.4921798719402,2,FOUR_WAY_INTERSECTION,OTHER_97,PHOENIX,2013-10-11 18:48:00,DID_NOT_USE_CROSSWALK,NO_IMPROPER_ACTION
2764649,2,OTHER_97,-112.133814604887,33.4945756625224,5,FIVE_POINT_OR_MORE,OTHER_97,PHOENIX,2013-09-19 23:07:00,DID_NOT_USE_CROSSWALK,NO_IMPROPER_ACTION
2764673,2,ANGLE_FRONT_TO_SIDE,-112.211978191849,33.4835799067091,3,FOUR_WAY_INTERSECTION,ANGLE_FRONT_TO_SIDE,PHOENIX,2013-10-09 17:03:00,FAILED_TO_YIELD_RIGHT_OF_WAY_103,NO_IMPROPER_ACTION+NOT_APPLICABLE_MINUS_1+NOT_APPLICABLE_MINUS_1
2764895,2,ANGLE_FRONT_TO_SIDE,-112.108299343,33.5492360214546,4,FOUR_WAY_INTERSECTION,ANGLE_FRONT_TO_SIDE,PHOENIX,2013-09-24 15:46:00,NO_IMPROPER_ACTION,FAILED_TO_YIELD_RIGHT_OF_WAY_103
2764910,3,OTHER_97,-112.150917955054,33.5239191397933,2,NOT_AT_INTERSECTION_0,OTHER_97,PHOENIX,2013-08-23 13:44:00,DROVE_RODE_IN_OPPOSING_TRAFFIC_LANE+DROVE_RODE_IN_OPPOSING_TRAFFIC_LANE,NO_IMPROPER_ACTION
2765084,2,OTHER_97,-112.237703515138,33.508754507684,2,FOUR_WAY_INTERSECTION,OTHER_97,GLENDALE,2013-08-03 18:32:00,FAILED_TO_KEEP_IN_PROPER_LANE,NO_IMPROPER_ACTION
2765138,2,ANGLE_FRONT_TO_SIDE,-112.151380785689,33.5932618172484,3,NOT_AT_INTERSECTION_0,ANGLE_FRONT_TO_SIDE,PHOENIX,2013-08-08 13:56:00,EXCEEDED_LAWFUL_SPEED,NO_IMPROPER_ACTION
2765149,2,ANGLE_FRONT_TO_SIDE,-112.142880805659,33.5093327386081,2,INTERSECTION_AS_PART_OF_INTERCHANGE,ANGLE_FRONT_TO_SIDE,PHOENIX,2013-08-05 15:31:00,DID_NOT_USE_CROSSWALK,NO_IMPROPER_ACTION
2765181,2,ANGLE_FRONT_TO_SIDE,-112.186225007094,33.563924939404,3,FOUR_WAY_INTERSECTION,ANGLE_FRONT_TO_SIDE,GLENDALE,2013-07-31 20:50:00,FAILED_TO_YIELD_RIGHT_OF_WAY_103,NOT_APPLICABLE_MINUS_1+NO_IMPROPER_ACTION+NOT_APPLICABLE_MINUS_1
2765216,2,ANGLE_FRONT_TO_SIDE,-112.156189826601,33.5239413438718,2,NOT_AT_INTERSECTION_0,ANGLE_FRONT_TO_SIDE,GLENDALE,2013-08-01 14:15:00,NO_IMPROPER_ACTION,FAILED_TO_YIELD_RIGHT_OF_WAY_103
2765265,2,ANGLE_FRONT_TO_SIDE,-112.156337057865,33.5747219350175,4,T_INTERSECTION,ANGLE_FRONT_TO_SIDE,GLENDALE,2013-07-30 18:58:00,FAILED_TO_YIELD_RIGHT_OF_WAY_103,ELECTRONIC_COMMUNICATIONS_DEVICE
2765345,2,LEFT_TURN,-112.340944935886,33.4715199893609,4,FOUR_WAY_INTERSECTION,LEFT_TURN,AVONDALE,2013-09-25 16:07:00,NO_IMPROPER_ACTION,FAILED_TO_YIELD_RIGHT_OF_WAY_103+NOT_APPLICABLE_MINUS_1
2765369,2,OTHER_97,-112.186288197209,33.5240561656767,3,FOUR_WAY_INTERSECTION,OTHER_97,GLENDALE,2013-08-25 12:15:00,NO_IMPROPER_ACTION,FAILED_TO_YIELD_RIGHT_OF_WAY_103
2765452,2,ANGLE_FRONT_TO_SIDE,-112.116903256727,33.5240146112815,2,NOT_AT_INTERSECTION_0,ANGLE_FRONT_TO_SIDE,PHOENIX,2013-10-11 13:05:00,OTHER_97,NO_IMPROPER_ACTION
2765499,2,ANGLE_FRONT_TO_SIDE,-112.013542301323,33.6263280100126,3,FOUR_WAY_INTERSECTION,ANGLE_FRONT_TO_SIDE,PHOENIX,2013-09-27 23:33:00,NO_IMPROPER_ACTION,NO_IMPROPER_ACTION
2765667,2,LEFT_TURN,-111.700074359853,33.3649574645581,3,FOUR_WAY_INTERSECTION,LEFT_TURN,GILBERT,2013-10-02 17:46:00,NO_IMPROPER_ACTION,INATTENTION_DISTRACTION
2765708,2,ANGLE_FRONT_TO_SIDE,-111.648500191268,35.1901270661714,1,NOT_REPORTED_255,ANGLE_FRONT_TO_SIDE,FLAGSTAFF,2013-09-10 14:04:00,NO_IMPROPER_ACTION,MADE_IMPROPER_TURN
2765793,2,SIDESWIPE_OPPOSITE_DIRECTION,-112.325361330528,34.6102337384713,1,FOUR_WAY_INTERSECTION,SIDESWIPE_OPPOSITE_DIRECTION,PRESCOTT VALLEY,2013-09-17 14:46:00,UNKNOWN_99,SPEED_TOO_FAST_FOR_CONDITIONS
2765811,2,OTHER_97,-110.995842472756,32.4068785979895,1,NOT_REPORTED_255,OTHER_97,ORO VALLEY,2013-10-01 16:30:00,INATTENTION_DISTRACTION,NO_IMPROPER_ACTION
2765998,2,LEFT_TURN,-112.021563830747,33.4950402907064,3,FOUR_WAY_INTERSECTION,LEFT_TURN,PHOENIX,2013-07-29 13:28:00,OTHER_97,NO_IMPROPER_ACTION
2766097,3,ANGLE_FRONT_TO_SIDE,-112.099936468456,33.4950265700888,2,NOT_REPORTED_255,ANGLE_FRONT_TO_SIDE,PHOENIX,2013-08-06 21:09:00,FAILED_TO_YIELD_RIGHT_OF_WAY_103,NO_IMPROPER_ACTION+NO_IMPROPER_ACTION
2766129,2,SIDESWIPE_SAME_DIRECTION,-111.808637007217,34.8624437741225,2,NOT_AT_INTERSECTION_0,SIDESWIPE_SAME_DIRECTION,SEDONA,2013-10-03 13:29:00,NO_IMPROPER_ACTION,NOT_APPLICABLE_MINUS_1+OTHER_97+NOT_APPLICABLE_MINUS_1
2766138,2,ANGLE_FRONT_TO_SIDE,-111.799315090084,34.8634633935134,2,NOT_REPORTED_255,ANGLE_FRONT_TO_SIDE,SEDONA,2013-10-01 15:13:00,NO_IMPROPER_ACTION,INATTENTION_DISTRACTION+NOT_APPLICABLE_MINUS_1+NOT_APPLICABLE_MINUS_1
2766159,2,OTHER_97,-112.248403023445,33.4687242341419,1,FOUR_WAY_INTERSECTION,OTHER_97,PHOENIX,2013-06-21 15:50:00,NO_IMPROPER_ACTION,UNKNOWN_99
2766166,2,OTHER_97,-113.999292530387,35.2294061583056,2,FOUR_WAY_INTERSECTION,OTHER_97,KINGMAN,2013-10-08 14:10:00,OTHER_97,FAILED_TO_YIELD_RIGHT_OF_WAY_103
2766188,2,OTHER_97,-112.181166701166,33.3775978220736,3,T_INTERSECTION,OTHER_97,PHOENIX,2013-07-08 21:49:00,OTHER_97,NOT_APPLICABLE_MINUS_1+NO_IMPROPER_ACTION
2766206,2,REAR_END,-112.203601316622,33.4418623462736,2,NOT_AT_INTERSECTION_0,REAR_END,PHOENIX,2013-08-14 20:19:00,NO_IMPROPER_ACTION,KNOWINGLY_OPERATED_WITH_FAULTY_MISSING_EQUIPMENT
2766271,2,OTHER_97,-112.13054389007,33.5094504585645,2,NOT_REPORTED_255,OTHER_97,PHOENIX,2013-10-02 15:40:00,OTHER_97,NO_IMPROPER_ACTION
2766277,2,OTHER_97,-111.996855137984,33.6118561947987,3,NOT_AT_INTERSECTION_0,OTHER_97,PHOENIX,2013-10-10 15:10:00,FAILED_TO_YIELD_RIGHT_OF_WAY_103,NO_IMPROPER_ACTION
2766319,2,OTHER_97,-112.064976111458,33.4632339977776,2,T_INTERSECTION,OTHER_97,PHOENIX,2013-10-02 12:24:00,OTHER_97,SPEED_TOO_FAST_FOR_CONDITIONS
2766417,2,OTHER_97,-111.859010814837,33.2987884325385,3,FOUR_WAY_INTERSECTION,OTHER_97,CHANDLER,2013-04-22 13:42:00,DROVE_RODE_IN_OPPOSING_TRAFFIC_LANE,NO_IMPROPER_ACTION
2766523,2,OTHER_97,0,0,3,T_INTERSECTION,OTHER_97,UNSPECIFIED_999,2013-08-22 08:15:00,NO_IMPROPER_ACTION,INATTENTION_DISTRACTION
2766565,2,OTHER_97,-111.013127369917,32.3471392208699,2,UNKNOWN_99,OTHER_97,UNSPECIFIED_999,2013-09-09 16:45:00,NO_IMPROPER_ACTION,UNSAFE_LANE_CHANGE
2766604,2,ANGLE_FRONT_TO_SIDE,-111.92769385051,33.3809793985061,3,NOT_AT_INTERSECTION_0,ANGLE_FRONT_TO_SIDE,TEMPE,2013-09-06 15:50:00,FAILED_TO_YIELD_RIGHT_OF_WAY_103,NO_IMPROPER_ACTION
2766628,2,REAR_END,-111.883698854337,33.3930232108276,2,NOT_AT_INTERSECTION_0,REAR_END,TEMPE,2013-09-12 16:29:00,SPEED_TOO_FAST_FOR_CONDITIONS,NO_IMPROPER_ACTION
2766632,2,ANGLE_FRONT_TO_SIDE,-111.947199301029,33.4254744188041,3,FOUR_WAY_INTERSECTION,ANGLE_FRONT_TO_SIDE,TEMPE,2013-09-09 14:15:00,RAN_STOP_SIGN,RAN_STOP_SIGN
2766658,2,OTHER_97,-111.967350504271,33.4219421821012,1,NOT_AT_INTERSECTION_0,OTHER_97,TEMPE,2013-10-02 18:03:00,DROVE_RODE_IN_OPPOSING_TRAFFIC_LANE,NO_IMPROPER_ACTION
2766670,2,ANGLE_FRONT_TO_SIDE,-111.926299428002,33.4219172257792,2,NOT_AT_INTERSECTION_0,ANGLE_FRONT_TO_SIDE,TEMPE,2013-09-14 21:00:00,FAILED_TO_YIELD_RIGHT_OF_WAY_103,UNKNOWN_99
2766707,2,LEFT_TURN,-111.939549555727,33.4255018037469,2,NOT_AT_INTERSECTION_0,LEFT_TURN,TEMPE,2013-09-19 17:52:00,NO_IMPROPER_ACTION,FAILED_TO_YIELD_RIGHT_OF_WAY_103
2766765,2,ANGLE_FRONT_TO_SIDE,-111.909602424585,33.4364509166475,2,T_INTERSECTION,ANGLE_FRONT_TO_SIDE,TEMPE,2013-09-23 22:26:00,NO_IMPROPER_ACTION,FAILED_TO_YIELD_RIGHT_OF_WAY_103
2766769,2,ANGLE_FRONT_TO_SIDE,-112.065641960732,33.5092368293159,2,NOT_AT_INTERSECTION_0,ANGLE_FRONT_TO_SIDE,PHOENIX,2013-08-14 11:38:00,FAILED_TO_YIELD_RIGHT_OF_WAY_103,NO_IMPROPER_ACTION+NOT_APPLICABLE_MINUS_1
2766802,2,ANGLE_FRONT_TO_SIDE,-111.985607903992,33.4802374435369,2,NOT_AT_INTERSECTION_0,ANGLE_FRONT_TO_SIDE,PHOENIX,2013-08-13 21:12:00,NO_IMPROPER_ACTION,FAILED_TO_YIELD_RIGHT_OF_WAY_103
2766805,2,ANGLE_FRONT_TO_SIDE,-112.127789983572,33.63970105464,4,NOT_AT_INTERSECTION_0,ANGLE_FRONT_TO_SIDE,PHOENIX,2013-08-13 20:54:00,OTHER_97,INATTENTION_DISTRACTION
2766824,2,LEFT_TURN,-111.893601656319,33.4256862558676,4,T_INTERSECTION,LEFT_TURN,TEMPE,2013-09-12 07:19:00,NO_IMPROPER_ACTION,FAILED_TO_YIELD_RIGHT_OF_WAY_103
2766853,2,OTHER_97,-112.123598840447,33.5721307627481,2,T_INTERSECTION,OTHER_97,PHOENIX,2013-08-11 18:00:00,OTHER_97,NO_IMPROPER_ACTION
2766859,2,ANGLE_FRONT_TO_SIDE,-112.077721993875,33.4776340783325,1,UNKNOWN_99,ANGLE_FRONT_TO_SIDE,PHOENIX,2013-08-07 09:50:00,OTHER_97,NO_IMPROPER_ACTION
2766888,2,ANGLE_FRONT_TO_SIDE,-111.900542980523,33.3931022139089,2,NOT_AT_INTERSECTION_0,ANGLE_FRONT_TO_SIDE,TEMPE,2013-10-07 14:10:00,OTHER_97,NO_IMPROPER_ACTION
2766961,2,ANGLE_FRONT_TO_SIDE,-112.150475620574,33.5531124331422,1,NOT_AT_INTERSECTION_0,ANGLE_FRONT_TO_SIDE,PHOENIX,2013-10-17 15:58:00,NO_IMPROPER_ACTION,UNKNOWN_99
2766987,2,OTHER_97,-112.033982848214,33.4657712907523,2,NOT_AT_INTERSECTION_0,OTHER_97,PHOENIX,2013-10-14 15:21:00,UNKNOWN_99,NO_IMPROPER_ACTION
2767233,2,OTHER_97,-110.448048045801,33.2924036794521,5,UNKNOWN_99,OTHER_97,UNSPECIFIED_999,2013-07-22 18:24:00,UNKNOWN_99,UNKNOWN_99+NOT_APPLICABLE_MINUS_1
2767265,2,ANGLE_FRONT_TO_SIDE,-111.719343810611,33.3938314224572,3,FOUR_WAY_INTERSECTION,ANGLE_FRONT_TO_SIDE,MESA,2013-08-20 14:26:00,NO_IMPROPER_ACTION,INATTENTION_DISTRACTION
2767284,2,OTHER_97,-111.878438300198,33.3764282936218,3,T_INTERSECTION,OTHER_97,MESA,2013-08-20 19:30:00,DROVE_RODE_IN_OPPOSING_TRAFFIC_LANE,INATTENTION_DISTRACTION
2767333,2,ANGLE_FRONT_TO_SIDE,-111.789582003033,33.3508335573483,2,FOUR_WAY_INTERSECTION,ANGLE_FRONT_TO_SIDE,GILBERT,2013-10-11 13:53:00,DROVE_RODE_IN_OPPOSING_TRAFFIC_LANE,NOT_APPLICABLE_MINUS_1+NOT_APPLICABLE_MINUS_1+NO_IMPROPER_ACTION
2767411,2,ANGLE_FRONT_TO_SIDE,-111.857144598116,33.3959968520339,3,T_INTERSECTION,ANGLE_FRONT_TO_SIDE,MESA,2013-08-28 11:16:00,OTHER_97,NOT_APPLICABLE_MINUS_1+OTHER_97
2767466,2,REAR_END,-111.813975244946,33.4354961374188,2,FOUR_WAY_INTERSECTION,REAR_END,MESA,2013-09-28 18:36:00,NO_IMPROPER_ACTION,OTHER_UNSAFE_PASSING
2767484,2,ANGLE_FRONT_TO_SIDE,-111.908371951711,33.4219916997597,2,NOT_AT_INTERSECTION_0,ANGLE_FRONT_TO_SIDE,TEMPE,2013-09-18 16:42:00,DROVE_RODE_IN_OPPOSING_TRAFFIC_LANE,NO_IMPROPER_ACTION
2767489,2,ANGLE_FRONT_TO_SIDE,-111.952498126972,33.3783464303009,2,FOUR_WAY_INTERSECTION,ANGLE_FRONT_TO_SIDE,TEMPE,2013-09-18 10:35:00,DROVE_RODE_IN_OPPOSING_TRAFFIC_LANE,NO_IMPROPER_ACTION
2767576,2,ANGLE_FRONT_TO_SIDE,-111.873234637604,33.3785950669666,3,FOUR_WAY_INTERSECTION,ANGLE_FRONT_TO_SIDE,MESA,2013-09-03 17:48:00,NO_IMPROPER_ACTION,OTHER_97
2767584,2,ANGLE_FRONT_TO_SIDE,-111.881069972694,33.4050235728731,2,T_INTERSECTION,ANGLE_FRONT_TO_SIDE,MESA,2013-08-27 14:27:00,SPEED_TOO_FAST_FOR_CONDITIONS,SPEED_TOO_FAST_FOR_CONDITIONS
2767587,2,LEFT_TURN,-111.963128434109,33.3476497472805,4,UNKNOWN_99,LEFT_TURN,TEMPE,2013-10-03 17:25:00,DID_NOT_USE_CROSSWALK,NO_IMPROPER_ACTION
2767609,2,OTHER_97,-111.970473661898,33.4219349202887,3,UNKNOWN_99,OTHER_97,TEMPE,2013-09-25 07:40:00,OTHER_97,NO_IMPROPER_ACTION
2767612,2,ANGLE_FRONT_TO_SIDE,-111.917685608211,33.4074857462577,2,NOT_AT_INTERSECTION_0,ANGLE_FRONT_TO_SIDE,TEMPE,2013-09-17 14:55:00,FAILED_TO_YIELD_RIGHT_OF_WAY_103,NO_IMPROPER_ACTION+NOT_APPLICABLE_MINUS_1
2767619,2,OTHER_97,-111.848510626274,33.4004778147944,4,FOUR_WAY_INTERSECTION,OTHER_97,MESA,2013-07-31 06:46:00,NO_IMPROPER_ACTION,INATTENTION_DISTRACTION
2767627,2,ANGLE_FRONT_TO_SIDE,-111.684470599805,33.4237414083485,3,NOT_AT_INTERSECTION_0,ANGLE_FRONT_TO_SIDE,MESA,2013-08-31 13:28:00,DROVE_RODE_IN_OPPOSING_TRAFFIC_LANE,INATTENTION_DISTRACTION+NOT_APPLICABLE_MINUS_1
2767639,2,SIDESWIPE_SAME_DIRECTION,-111.912452096063,33.4147469487317,3,T_INTERSECTION,SIDESWIPE_SAME_DIRECTION,TEMPE,2013-09-10 16:53:00,NO_IMPROPER_ACTION,NOT_APPLICABLE_MINUS_1+MADE_IMPROPER_TURN
2767654,2,SIDESWIPE_OPPOSITE_DIRECTION,-112.134139763468,33.5794256901523,1,NOT_AT_INTERSECTION_0,SIDESWIPE_OPPOSITE_DIRECTION,PHOENIX,2013-09-08 22:49:00,DROVE_RODE_IN_OPPOSING_TRAFFIC_LANE,NO_IMPROPER_ACTION
2767671,2,OTHER_97,-112.143130011079,33.6546068833375,5,FOUR_WAY_INTERSECTION,OTHER_97,PHOENIX,2013-10-08 17:26:00,NO_IMPROPER_ACTION,DISREGARDED_TRAFFIC_SIGNAL
2767716,2,OTHER_97,-112.069327787346,33.4624020147032,3,T_INTERSECTION,OTHER_97,PHOENIX,2013-08-08 13:10:00,OTHER_97,NO_IMPROPER_ACTION
2767733,2,OTHER_97,-110.974787985067,32.3209880806535,3,INTERSECTION_AS_PART_OF_INTERCHANGE,OTHER_97,UNSPECIFIED_999,2013-09-12 03:41:00,NO_IMPROPER_ACTION,FAILED_TO_YIELD_RIGHT_OF_WAY_103
2767760,2,OTHER_97,-112.269229391772,34.4502675606018,3,NOT_AT_INTERSECTION_0,OTHER_97,UNSPECIFIED_999,2013-10-18 11:19:00,FAILED_TO_YIELD_RIGHT_OF_WAY_103,NO_IMPROPER_ACTION
2767866,2,SIDESWIPE_SAME_DIRECTION,-111.754051741485,33.3936942498353,3,UNKNOWN_99,SIDESWIPE_SAME_DIRECTION,MESA,2013-08-28 08:21:00,NO_IMPROPER_ACTION,UNSAFE_LANE_CHANGE+NOT_APPLICABLE_MINUS_1
2767903,2,ANGLE_FRONT_TO_SIDE,-111.863677197083,33.3930927594334,3,UNKNOWN_99,ANGLE_FRONT_TO_SIDE,MESA,2013-09-09 13:19:00,NO_IMPROPER_ACTION,INATTENTION_DISTRACTION
2767982,2,ANGLE_FRONT_TO_SIDE,-111.924370442312,33.4075065964196,2,NOT_AT_INTERSECTION_0,ANGLE_FRONT_TO_SIDE,TEMPE,2013-09-15 12:59:00,OTHER_97,NO_IMPROPER_ACTION
2767983,2,ANGLE_FRONT_TO_SIDE,-111.065245712827,32.3592447519411,3,NOT_AT_INTERSECTION_0,ANGLE_FRONT_TO_SIDE,UNSPECIFIED_999,2013-09-21 09:40:00,FAILED_TO_KEEP_IN_PROPER_LANE,NO_IMPROPER_ACTION
2767986,2,REAR_END,-111.596437175621,35.2099920564218,4,NOT_AT_INTERSECTION_0,REAR_END,FLAGSTAFF,2013-07-30 18:47:00,NO_IMPROPER_ACTION,FAILED_TO_KEEP_IN_PROPER_LANE
2768034,2,ANGLE_FRONT_TO_SIDE,-111.857263007288,33.390871138527,3,FOUR_WAY_INTERSECTION,ANGLE_FRONT_TO_SIDE,MESA,2013-08-21 19:40:00,DISREGARDED_TRAFFIC_SIGNAL,NOT_APPLICABLE_MINUS_1+NO_IMPROPER_ACTION
2768050,2,ANGLE_FRONT_TO_SIDE,-111.851519519353,33.3642250692981,3,FOUR_WAY_INTERSECTION,ANGLE_FRONT_TO_SIDE,MESA,2013-08-21 04:27:00,DROVE_RODE_IN_OPPOSING_TRAFFIC_LANE,NO_IMPROPER_ACTION
2768085,2,SIDESWIPE_SAME_DIRECTION,-111.837542951988,33.2992418723346,1,NOT_AT_INTERSECTION_0,SIDESWIPE_SAME_DIRECTION,CHANDLER,2013-05-29 09:11:00,INATTENTION_DISTRACTION,NO_IMPROPER_ACTION
2768099,2,ANGLE_FRONT_TO_SIDE,-111.015757927349,32.3231538064461,3,NOT_AT_INTERSECTION_0,ANGLE_FRONT_TO_SIDE,UNSPECIFIED_999,2013-09-23 19:09:00,RAN_STOP_SIGN,NO_IMPROPER_ACTION
2768127,2,LEFT_TURN,-111.814125768189,33.407841879996,2,FOUR_WAY_INTERSECTION,LEFT_TURN,MESA,2013-09-05 07:56:00,NO_IMPROPER_ACTION,INATTENTION_DISTRACTION
2768134,2,SIDESWIPE_SAME_DIRECTION,-112.349509467076,33.4316997024677,1,T_INTERSECTION,SIDESWIPE_SAME_DIRECTION,AVONDALE,2013-10-09 10:43:00,INATTENTION_DISTRACTION,NOT_APPLICABLE_MINUS_1+NOT_APPLICABLE_MINUS_1+INATTENTION_DISTRACTION
2768223,2,ANGLE_FRONT_TO_SIDE,-112.108016508095,33.5964060224258,3,FOUR_WAY_INTERSECTION,ANGLE_FRONT_TO_SIDE,PHOENIX,2013-10-16 09:15:00,OTHER_97,NO_IMPROPER_ACTION
2768248,2,ANGLE_FRONT_TO_SIDE,-112.12839490063,33.4513595991351,2,NOT_AT_INTERSECTION_0,ANGLE_FRONT_TO_SIDE,PHOENIX,2013-10-17 12:55:00,FAILED_TO_KEEP_IN_PROPER_LANE,NO_IMPROPER_ACTION