IncidentID,num_vehicles_involved,eCollisionManner,Longitude,Latitude,InjurySeverity,eIntersectionType,eCollisionManner,city_name,IncidentDateTime,cyclist_citations,driver_citations
2773519,3,OTHER_97,-112.065001568536,33.520108028226,2,FOUR_WAY_INTERSECTION,OTHER_97,PHOENIX,2013-10-04 14:14:00,DID_NOT_USE_CROSSWALK+DID_NOT_USE_CROSSWALK,NOT_APPLICABLE_MINUS_1+NOT_APPLICABLE_MINUS_1+NOT_APPLICABLE_MINUS_1+NOT_APPLICABLE_MINUS_1+NO_IMPROPER_ACTION+NOT_APPLICABLE_MINUS_1
2773561,2,OTHER_97,-112.017617095975,33.4951308463075,2,NOT_REPORTED_255,OTHER_97,PHOENIX,2013-11-04 15:30:00,NO_IMPROPER_ACTION,UNKNOWN_99
2773925,2,ANGLE_FRONT_TO_SIDE,-112.194440597413,33.6106927466288,2,T_INTERSECTION,ANGLE_FRONT_TO_SIDE,GLENDALE,2013-09-09 13:33:00,NO_IMPROPER_ACTION,FAILED_TO_YIELD_RIGHT_OF_WAY_103
2773993,2,OTHER_97,0,0,2,UNKNOWN_99,OTHER_97,CLIFTON,2013-09-07 16:57:00,UNKNOWN_99,NO_IMPROPER_ACTION+NOT_APPLICABLE_MINUS_1
2774021,2,REAR_END,-111.899908229802,33.590006241055,3,FOUR_WAY_INTERSECTION,REAR_END,SCOTTSDALE,2013-08-02 14:41:00,NO_IMPROPER_ACTION,NOT_APPLICABLE_MINUS_1+NOT_APPLICABLE_MINUS_1+UNKNOWN_99+NOT_APPLICABLE_MINUS_1+NOT_APPLICABLE_MINUS_1
2774099,2,LEFT_TURN,-110.977869771864,32.1514295878402,3,FOUR_WAY_INTERSECTION,LEFT_TURN,TUCSON,2013-10-21 18:31:00,NO_IMPROPER_ACTION,UNKNOWN_99
2774104,2,ANGLE_FRONT_TO_SIDE,-111.756361865792,33.3696633347217,4,FOUR_WAY_INTERSECTION,ANGLE_FRONT_TO_SIDE,GILBERT,2013-10-31 15:40:00,NO_IMPROPER_ACTION,NOT_APPLICABLE_MINUS_1+INATTENTION_DISTRACTION+NOT_APPLICABLE_MINUS_1+NOT_APPLICABLE_MINUS_1
2774108,2,ANGLE_FRONT_TO_SIDE,-110.789808176699,32.1870439385746,4,T_INTERSECTION,ANGLE_FRONT_TO_SIDE,TUCSON,2013-10-17 16:00:00,FAILED_TO_YIELD_RIGHT_OF_WAY_103,NO_IMPROPER_ACTION
2774114,2,ANGLE_FRONT_TO_SIDE,-110.916325205461,32.2650959137596,2,NOT_REPORTED_255,ANGLE_FRONT_TO_SIDE,TUCSON,2013-10-24 00:15:00,NO_IMPROPER_ACTION,FAILED_TO_YIELD_RIGHT_OF_WAY_103
2774129,2,ANGLE_FRONT_TO_SIDE,-111.722221908438,33.3740913856633,3,T_INTERSECTION,ANGLE_FRONT_TO_SIDE,GILBERT,2013-10-31 09:29:00,DROVE_RODE_IN_OPPOSING_TRAFFIC_LANE,INATTENTION_DISTRACTION
2774137,2,ANGLE_FRONT_TO_SIDE,-111.924741762711,33.4876669279006,3,T_INTERSECTION,ANGLE_FRONT_TO_SIDE,SCOTTSDALE,2013-08-01 11:03:00,DROVE_RODE_IN_OPPOSING_TRAFFIC_LANE,INATTENTION_DISTRACTION
2774235,2,ANGLE_FRONT_TO_SIDE,-110.959553879067,32.2436683409973,3,FOUR_WAY_INTERSECTION,ANGLE_FRONT_TO_SIDE,TUCSON,2013-10-16 15:10:00,OTHER_97,OTHER_97
2774262,2,OTHER_97,-110.909820570847,32.2215676565971,4,UNKNOWN_99,OTHER_97,TUCSON,2013-10-22 18:09:00,FOLLOWED_TOO_CLOSELY,NO_IMPROPER_ACTION
2774282,2,ANGLE_FRONT_TO_SIDE,-110.899052848777,32.2416384220856,3,FOUR_WAY_INTERSECTION,ANGLE_FRONT_TO_SIDE,TUCSON,2013-05-27 14:58:00,DISREGARDED_TRAFFIC_SIGNAL,NO_IMPROPER_ACTION
2774317,2,ANGLE_FRONT_TO_SIDE,-110.892608807083,32.2380184892193,2,T_INTERSECTION,ANGLE_FRONT_TO_SIDE,TUCSON,2013-10-23 14:17:00,OTHER_97,NO_IMPROPER_ACTION
2774326,2,ANGLE_FRONT_TO_SIDE,-110.857947127721,32.2204662347643,2,NOT_AT_INTERSECTION_0,ANGLE_FRONT_TO_SIDE,TUCSON,2013-10-29 16:30:00,INATTENTION_DISTRACTION,NO_IMPROPER_ACTION
2774345,2,LEFT_TURN,-110.892398830219,32.2653511483163,3,FOUR_WAY_INTERSECTION,LEFT_TURN,TUCSON,2013-10-30 17:20:00,DROVE_RODE_IN_OPPOSING_TRAFFIC_LANE,NO_IMPROPER_ACTION
2774388,2,SIDESWIPE_OPPOSITE_DIRECTION,-111.841516866391,33.295302639639,2,NOT_AT_INTERSECTION_0,SIDESWIPE_OPPOSITE_DIRECTION,CHANDLER,2013-06-05 11:20:00,WALKED_ON_WRONG_SIDE_OF_ROAD,NO_IMPROPER_ACTION
2774548,2,OTHER_97,-111.904466524024,33.5239010259914,3,T_INTERSECTION,OTHER_97,SCOTTSDALE,2013-08-22 07:22:00,OTHER_97,NO_IMPROPER_ACTION
2774560,2,ANGLE_FRONT_TO_SIDE,-110.975035856885,32.4535018074508,3,FOUR_WAY_INTERSECTION,ANGLE_FRONT_TO_SIDE,ORO VALLEY,2013-10-31 17:18:00,INATTENTION_DISTRACTION,NO_IMPROPER_ACTION
2774573,2,LEFT_TURN,-110.974834721573,32.3517770698338,1,FOUR_WAY_INTERSECTION,LEFT_TURN,ORO VALLEY,2013-11-06 06:25:00,FAILED_TO_KEEP_IN_PROPER_LANE,FAILED_TO_YIELD_RIGHT_OF_WAY_103
2774607,2,OTHER_97,-110.798200303099,32.2606423380885,3,UNKNOWN_99,OTHER_97,TUCSON,2013-10-19 14:07:00,UNSAFE_LANE_CHANGE,NO_IMPROPER_ACTION
2774612,2,ANGLE_FRONT_TO_SIDE,-111.909287138561,33.4513247759607,3,FOUR_WAY_INTERSECTION,ANGLE_FRONT_TO_SIDE,SCOTTSDALE,2013-07-30 15:41:00,OTHER_97,OTHER_97
2774685,2,ANGLE_FRONT_TO_SIDE,-111.806904205022,33.3202874526567,3,NOT_AT_INTERSECTION_0,ANGLE_FRONT_TO_SIDE,CHANDLER,2013-06-09 13:41:00,FAILED_TO_YIELD_RIGHT_OF_WAY_103,NO_IMPROPER_ACTION
2774781,2,OTHER_97,-111.824438524373,33.3550422786598,1,FOUR_WAY_INTERSECTION,OTHER_97,GILBERT,2013-11-04 11:45:00,INATTENTION_DISTRACTION,NO_IMPROPER_ACTION
2774785,2,SIDESWIPE_SAME_DIRECTION,-111.930434057445,33.4948561837928,1,FOUR_WAY_INTERSECTION,SIDESWIPE_SAME_DIRECTION,SCOTTSDALE,2013-08-15 18:39:00,NO_IMPROPER_ACTION,MADE_IMPROPER_TURN
2774884,2,REAR_END,-112.151612400428,33.5705898965027,2,NOT_AT_INTERSECTION_0,REAR_END,GLENDALE,2013-11-07 18:59:00,OTHER_97,UNKNOWN_99
2774894,2,ANGLE_FRONT_TO_SIDE,-111.960532306415,33.6116672573356,3,FOUR_WAY_INTERSECTION,ANGLE_FRONT_TO_SIDE,PHOENIX,2013-10-24 16:15:00,NO_IMPROPER_ACTION,FAILED_TO_YIELD_RIGHT_OF_WAY_103
2775021,2,SIDESWIPE_SAME_DIRECTION,-111.755646422535,33.3356805425531,1,FOUR_WAY_INTERSECTION,SIDESWIPE_SAME_DIRECTION,GILBERT,2013-11-11 17:56:00,NO_IMPROPER_ACTION,INATTENTION_DISTRACTION
2775041,2,ANGLE_FRONT_TO_SIDE,-111.654092798125,35.1949344518221,3,T_INTERSECTION,ANGLE_FRONT_TO_SIDE,FLAGSTAFF,2013-10-30 17:20:00,DROVE_RODE_IN_OPPOSING_TRAFFIC_LANE,INATTENTION_DISTRACTION+NOT_APPLICABLE_MINUS_1
2775049,2,SIDESWIPE_OPPOSITE_DIRECTION,-111.645565245861,35.2027202689028,2,NOT_REPORTED_255,SIDESWIPE_OPPOSITE_DIRECTION,FLAGSTAFF,2013-11-04 14:56:00,OTHER_97,NO_IMPROPER_ACTION+NOT_APPLICABLE_MINUS_1+NOT_APPLICABLE_MINUS_1
2775054,2,ANGLE_FRONT_TO_SIDE,-111.659635778495,35.1919613875293,1,T_INTERSECTION,ANGLE_FRONT_TO_SIDE,FLAGSTAFF,2013-11-01 22:13:00,NO_IMPROPER_ACTION,INATTENTION_DISTRACTION
2775293,2,ANGLE_FRONT_TO_SIDE,-112.340992962509,33.4585068488225,2,INTERSECTION_AS_PART_OF_INTERCHANGE,ANGLE_FRONT_TO_SIDE,AVONDALE,2013-11-06 11:00:00,NO_IMPROPER_ACTION,FAILED_TO_YIELD_RIGHT_OF_WAY_103
2775398,2,HEAD_ON,-112.064682424428,33.3885681362663,2,FOUR_WAY_INTERSECTION,HEAD_ON,PHOENIX,2013-09-06 16:46:00,DROVE_RODE_IN_OPPOSING_TRAFFIC_LANE,NO_IMPROPER_ACTION
2775450,2,ANGLE_FRONT_TO_SIDE,-112.086422957139,33.4586738034158,3,UNKNOWN_99,ANGLE_FRONT_TO_SIDE,PHOENIX,2013-09-07 13:55:00,MADE_IMPROPER_TURN,NO_IMPROPER_ACTION+NOT_APPLICABLE_MINUS_1+NOT_APPLICABLE_MINUS_1
2775456,2,OTHER_97,-112.047546890156,33.5054872146761,5,FOUR_WAY_INTERSECTION,OTHER_97,PHOENIX,2013-07-23 20:23:00,DISREGARDED_TRAFFIC_SIGNAL,NOT_APPLICABLE_MINUS_1+INATTENTION_DISTRACTION
2775532,2,ANGLE_FRONT_TO_SIDE,-112.11366794289,33.5675779575475,3,UNKNOWN_99,ANGLE_FRONT_TO_SIDE,PHOENIX,2013-08-19 10:10:00,FAILED_TO_YIELD_RIGHT_OF_WAY_103,NO_IMPROPER_ACTION
2775543,2,OTHER_97,-112.176737758139,33.3775001925757,2,INTERSECTION_AS_PART_OF_INTERCHANGE,OTHER_97,PHOENIX,2013-08-30 07:29:00,DID_NOT_USE_CROSSWALK,NO_IMPROPER_ACTION
2775622,2,ANGLE_FRONT_TO_SIDE,-111.824382630409,33.3511399365491,4,UNKNOWN_99,ANGLE_FRONT_TO_SIDE,GILBERT,2013-11-13 05:45:00,NO_IMPROPER_ACTION,INATTENTION_DISTRACTION
2775638,2,OTHER_97,-111.981767337257,33.7701211163304,3,FOUR_WAY_INTERSECTION,OTHER_97,PHOENIX,2013-09-17 09:42:00,NO_IMPROPER_ACTION,MADE_IMPROPER_TURN
2775686,2,OTHER_97,-112.047595222616,33.4983524485186,2,NOT_AT_INTERSECTION_0,OTHER_97,PHOENIX,2013-09-14 21:34:00,MADE_IMPROPER_TURN,NO_IMPROPER_ACTION
2775772,2,ANGLE_FRONT_TO_SIDE,-112.002011015013,33.4907630455577,2,NOT_AT_INTERSECTION_0,ANGLE_FRONT_TO_SIDE,PHOENIX,2013-10-06 10:39:00,NO_IMPROPER_ACTION,UNKNOWN_99
2775852,2,HEAD_ON,-112.013981066924,33.5025509114471,2,NOT_AT_INTERSECTION_0,HEAD_ON,PHOENIX,2013-11-16 15:58:00,NO_IMPROPER_ACTION,DROVE_RODE_IN_OPPOSING_TRAFFIC_LANE
2775864,2,SIDESWIPE_SAME_DIRECTION,-111.943293195739,33.503750649544,3,NOT_AT_INTERSECTION_0,SIDESWIPE_SAME_DIRECTION,SCOTTSDALE,2013-11-15 08:39:00,NO_IMPROPER_ACTION,UNKNOWN_99+NOT_APPLICABLE_MINUS_1
2775889,2,ANGLE_FRONT_TO_SIDE,-112.11245841932,33.5095306947434,1,FOUR_WAY_INTERSECTION,ANGLE_FRONT_TO_SIDE,PHOENIX,2013-11-07 05:16:00,UNKNOWN_99,UNKNOWN_99
2775967,2,OTHER_97,-112.26011758718,33.5808242259031,3,FOUR_WAY_INTERSECTION,OTHER_97,PEORIA,2013-11-14 19:49:00,OTHER_97,UNKNOWN_99
2776134,2,ANGLE_FRONT_TO_SIDE,-111.767699023216,33.3356213596369,2,FOUR_WAY_INTERSECTION,ANGLE_FRONT_TO_SIDE,GILBERT,2013-11-07 16:32:00,NO_IMPROPER_ACTION,INATTENTION_DISTRACTION
2776159,2,ANGLE_FRONT_TO_SIDE,-111.900487167477,33.4658385619616,3,FOUR_WAY_INTERSECTION,ANGLE_FRONT_TO_SIDE,SCOTTSDALE,2013-09-06 06:19:00,NO_IMPROPER_ACTION,MADE_IMPROPER_TURN+NOT_APPLICABLE_MINUS_1
2776202,2,OTHER_97,-111.657275081288,35.1937526420414,2,UNKNOWN_99,OTHER_97,FLAGSTAFF,2013-11-08 15:44:00,DROVE_RODE_IN_OPPOSING_TRAFFIC_LANE,NO_IMPROPER_ACTION
2776289,2,ANGLE_FRONT_TO_SIDE,-111.046618261619,32.4245419090364,3,NOT_AT_INTERSECTION_0,ANGLE_FRONT_TO_SIDE,MARANA,2013-11-09 16:04:00,NO_IMPROPER_ACTION,NOT_APPLICABLE_MINUS_1+INATTENTION_DISTRACTION
2776307,2,OTHER_97,-112.013431731389,33.6309088015173,3,NOT_AT_INTERSECTION_0,OTHER_97,PHOENIX,2013-11-13 10:24:00,OTHER_97,NOT_APPLICABLE_MINUS_1+NO_IMPROPER_ACTION
2776329,2,ANGLE_FRONT_TO_SIDE,-112.108772223723,33.565698857069,2,NOT_AT_INTERSECTION_0,ANGLE_FRONT_TO_SIDE,PHOENIX,2013-09-30 16:47:00,DID_NOT_USE_CROSSWALK,NO_IMPROPER_ACTION
2776489,2,ANGLE_FRONT_TO_SIDE,-111.900284954213,33.4948613624846,3,FOUR_WAY_INTERSECTION,ANGLE_FRONT_TO_SIDE,SCOTTSDALE,2013-08-27 19:53:00,OTHER_97,NO_IMPROPER_ACTION
2776805,2,REAR_END,-112.099681419547,33.6222337028109,2,NOT_AT_INTERSECTION_0,REAR_END,PHOENIX,2013-09-11 04:52:00,NO_IMPROPER_ACTION,INATTENTION_DISTRACTION
2776838,2,OTHER_97,-112.121464274096,33.466849506841,2,NOT_REPORTED_255,OTHER_97,PHOENIX,2013-09-08 09:51:00,FAILED_TO_YIELD_RIGHT_OF_WAY_103,NO_IMPROPER_ACTION
2776854,3,ANGLE_FRONT_TO_SIDE,-111.978028470521,33.3328261640221,4,T_INTERSECTION,ANGLE_FRONT_TO_SIDE,PHOENIX,2013-09-07 21:38:00,DISREGARDED_TRAFFIC_SIGNAL,NO_IMPROPER_ACTION+NO_IMPROPER_ACTION
2776911,2,ANGLE_FRONT_TO_SIDE,-112.4765411913,34.5422416515414,2,T_INTERSECTION,ANGLE_FRONT_TO_SIDE,PRESCOTT,2013-11-14 08:08:00,OTHER_97,NO_IMPROPER_ACTION
2776928,2,ANGLE_FRONT_TO_SIDE,-111.841429461631,33.3097878433405,4,FOUR_WAY_INTERSECTION,ANGLE_FRONT_TO_SIDE,CHANDLER,2013-06-24 16:17:00,DISREGARDED_TRAFFIC_SIGNAL,NO_IMPROPER_ACTION
2776972,2,OTHER_97,-112.475139446744,34.542645244553,3,FOUR_WAY_INTERSECTION,OTHER_97,PRESCOTT,2013-11-13 12:47:00,FAILED_TO_YIELD_RIGHT_OF_WAY_103,OTHER_97
2777025,2,ANGLE_FRONT_TO_SIDE,-110.077293690805,34.5133138855999,1,T_INTERSECTION,ANGLE_FRONT_TO_SIDE,SNOWFLAKE,2013-10-12 13:15:00,DROVE_RODE_IN_OPPOSING_TRAFFIC_LANE,OTHER_97
2777041,2,OTHER_97,-111.84118067204,33.3170435143152,2,NOT_AT_INTERSECTION_0,OTHER_97,CHANDLER,2013-06-19 11:22:00,SPEED_TOO_FAST_FOR_CONDITIONS,NO_IMPROPER_ACTION
2777082,2,ANGLE_FRONT_TO_SIDE,-112.091150936382,33.5239848566369,2,FOUR_WAY_INTERSECTION,ANGLE_FRONT_TO_SIDE,PHOENIX,2013-11-13 15:31:00,DISREGARDED_PAVEMENT_MARKINGS,NOT_APPLICABLE_MINUS_1+NO_IMPROPER_ACTION
2777136,2,OTHER_97,-112.270118821223,33.5083963514821,2,Y_INTERSECTION,OTHER_97,UNSPECIFIED_999,2013-11-07 20:58:00,FAILED_TO_YIELD_RIGHT_OF_WAY_103,NO_IMPROPER_ACTION
2777195,2,OTHER_97,-111.91115260408,33.3248406643507,3,NOT_AT_INTERSECTION_0,OTHER_97,CHANDLER,2013-06-17 17:03:00,DROVE_RODE_IN_OPPOSING_TRAFFIC_LANE,INATTENTION_DISTRACTION
2777204,2,ANGLE_FRONT_TO_SIDE,-111.858701540931,33.2764319753212,3,FOUR_WAY_INTERSECTION,ANGLE_FRONT_TO_SIDE,CHANDLER,2013-06-23 15:38:00,DROVE_RODE_IN_OPPOSING_TRAFFIC_LANE,NO_IMPROPER_ACTION
2777309,2,ANGLE_FRONT_TO_SIDE,-111.790691659176,34.8635489526397,1,FOUR_WAY_INTERSECTION,ANGLE_FRONT_TO_SIDE,SEDONA,2013-10-31 13:55:00,OTHER_97,FAILED_TO_YIELD_RIGHT_OF_WAY_103
2777442,2,OTHER_97,-112.047702276196,33.4615729046136,4,T_INTERSECTION,OTHER_97,PHOENIX,2013-11-11 12:10:00,DISREGARDED_TRAFFIC_SIGNAL,NO_IMPROPER_ACTION
2777530,2,LEFT_TURN,-112.029975089223,33.3996643368765,1,FOUR_WAY_INTERSECTION,LEFT_TURN,PHOENIX,2013-08-17 17:22:00,DROVE_RODE_IN_OPPOSING_TRAFFIC_LANE,NOT_APPLICABLE_MINUS_1+NO_IMPROPER_ACTION
2777680,2,ANGLE_FRONT_TO_SIDE,-111.976623985152,33.3341669173221,3,T_INTERSECTION,ANGLE_FRONT_TO_SIDE,PHOENIX,2013-09-18 18:00:00,OTHER_97,NO_IMPROPER_ACTION
2777699,2,OTHER_97,-112.326595547399,33.6198399788953,2,UNKNOWN_99,OTHER_97,EL MIRAGE,2013-11-06 16:01:00,DROVE_RODE_IN_OPPOSING_TRAFFIC_LANE,NO_IMPROPER_ACTION
2777745,2,OTHER_97,-111.763593796836,34.8585858522334,3,UNKNOWN_99,OTHER_97,SEDONA,2013-11-10 21:52:00,DROVE_RODE_IN_OPPOSING_TRAFFIC_LANE,FAILED_TO_YIELD_RIGHT_OF_WAY_103
2777790,2,ANGLE_FRONT_TO_SIDE,-112.160173729904,33.50933243471,2,T_INTERSECTION,ANGLE_FRONT_TO_SIDE,PHOENIX,2013-11-18 12:48:00,OTHER_97,OTHER_97
2777819,2,ANGLE_FRONT_TO_SIDE,-112.012913153738,33.468493104381,2,NOT_AT_INTERSECTION_0,ANGLE_FRONT_TO_SIDE,PHOENIX,2013-11-08 14:57:00,UNKNOWN_99,UNKNOWN_99+NOT_APPLICABLE_MINUS_1
2777840,2,ANGLE_FRONT_TO_SIDE,-112.078110209809,33.5093222652463,3,FOUR_WAY_INTERSECTION,ANGLE_FRONT_TO_SIDE,PHOENIX,2013-11-13 13:02:00,FAILED_TO_KEEP_IN_PROPER_LANE,NO_IMPROPER_ACTION
2777875,2,OTHER_97,-112.117450620631,33.5963718494183,2,INTERSECTION_AS_PART_OF_INTERCHANGE,OTHER_97,PHOENIX,2013-11-18 14:31:00,OTHER_97,NO_IMPROPER_ACTION
2777903,2,OTHER_97,-112.15448487487,33.465966707445,2,NOT_AT_INTERSECTION_0,OTHER_97,PHOENIX,2013-11-14 18:33:00,INATTENTION_DISTRACTION,INATTENTION_DISTRACTION
2777932,2,ANGLE_FRONT_TO_SIDE,-111.995217019386,33.4639830433453,2,NOT_AT_INTERSECTION_0,ANGLE_FRONT_TO_SIDE,PHOENIX,2013-10-13 19:01:00,DID_NOT_USE_CROSSWALK,NO_IMPROPER_ACTION
2778227,2,ANGLE_FRONT_TO_SIDE,-111.772974986725,33.3318579542806,1,FOUR_WAY_INTERSECTION,ANGLE_FRONT_TO_SIDE,GILBERT,2013-11-12 14:46:00,OTHER_97,NO_IMPROPER_ACTION
2778253,2,ANGLE_FRONT_TO_SIDE,-111.029694892361,32.3387859159265,3,T_INTERSECTION,ANGLE_FRONT_TO_SIDE,UNSPECIFIED_999,2013-10-16 09:30:00,NO_IMPROPER_ACTION,FAILED_TO_YIELD_RIGHT_OF_WAY_103
2778288,2,ANGLE_FRONT_TO_SIDE,-111.024827335362,32.2942474819764,1,NOT_AT_INTERSECTION_0,ANGLE_FRONT_TO_SIDE,UNSPECIFIED_999,2013-10-18 16:17:00,FAILED_TO_YIELD_RIGHT_OF_WAY_103,NOT_APPLICABLE_MINUS_1+NO_IMPROPER_ACTION
2778299,2,ANGLE_FRONT_TO_SIDE,-111.029452467517,32.3374043057126,3,FOUR_WAY_INTERSECTION,ANGLE_FRONT_TO_SIDE,UNSPECIFIED_999,2013-10-19 17:26:00,NO_IMPROPER_ACTION,FAILED_TO_YIELD_RIGHT_OF_WAY_103
2778405,2,OTHER_97,-111.646546804582,35.1978792273388,3,NOT_AT_INTERSECTION_0,OTHER_97,FLAGSTAFF,2013-11-12 11:24:00,NO_IMPROPER_ACTION,OTHER_97
2778428,2,ANGLE_FRONT_TO_SIDE,-111.659778104261,35.1897412230972,1,T_INTERSECTION,ANGLE_FRONT_TO_SIDE,FLAGSTAFF,2013-10-31 16:54:00,OTHER_97,NO_IMPROPER_ACTION
2778437,2,OTHER_97,-112.135401526678,33.8502391826871,2,T_INTERSECTION,OTHER_97,UNSPECIFIED_999,2013-10-15 08:43:00,UNKNOWN_99,UNKNOWN_99
2778451,2,OTHER_97,-111.580652504416,33.4223282550482,3,FOUR_WAY_INTERSECTION,OTHER_97,MESA,2013-10-21 21:02:00,UNKNOWN_99,RAN_STOP_SIGN
2778455,2,ANGLE_FRONT_TO_SIDE,-111.649734618103,35.1935805912635,1,FOUR_WAY_INTERSECTION,ANGLE_FRONT_TO_SIDE,FLAGSTAFF,2013-11-04 13:16:00,NO_IMPROPER_ACTION,FAILED_TO_YIELD_RIGHT_OF_WAY_103
2778456,2,ANGLE_FRONT_TO_SIDE,-111.628325853836,35.195147264145,3,FOUR_WAY_INTERSECTION,ANGLE_FRONT_TO_SIDE,FLAGSTAFF,2013-11-14 18:53:00,DID_NOT_USE_CROSSWALK,NOT_APPLICABLE_MINUS_1+NO_IMPROPER_ACTION
2778459,2,REAR_END,-111.650980803727,35.1962267945824,3,NOT_AT_INTERSECTION_0,REAR_END,FLAGSTAFF,2013-11-16 15:49:00,INATTENTION_DISTRACTION,NO_IMPROPER_ACTION
2778503,2,OTHER_97,-111.572052222636,33.4223376414788,2,FOUR_WAY_INTERSECTION,OTHER_97,APACHE JUNCTION,2013-10-27 17:00:00,INATTENTION_DISTRACTION,RAN_STOP_SIGN
2778660,2,ANGLE_FRONT_TO_SIDE,-112.151650214907,33.4804800861983,2,FOUR_WAY_INTERSECTION,ANGLE_FRONT_TO_SIDE,PHOENIX,2013-11-22 14:35:00,DISREGARDED_TRAFFIC_SIGNAL,NO_IMPROPER_ACTION
2778671,2,OTHER_97,-112.065165342807,33.5749455471663,3,FOUR_WAY_INTERSECTION,OTHER_97,PHOENIX,2013-11-16 17:15:00,OTHER_97,NO_IMPROPER_ACTION+NOT_APPLICABLE_MINUS_1
2778764,2,ANGLE_FRONT_TO_SIDE,-111.004904130268,32.1696697985123,4,T_INTERSECTION,ANGLE_FRONT_TO_SIDE,UNSPECIFIED_999,2013-10-12 07:20:00,NO_IMPROPER_ACTION,DISREGARDED_TRAFFIC_SIGNAL
2778772,2,OTHER_97,-110.835406944971,32.2808998519975,4,NOT_AT_INTERSECTION_0,OTHER_97,UNSPECIFIED_999,2013-10-28 13:27:00,INATTENTION_DISTRACTION,UNKNOWN_99
2778857,2,OTHER_97,-110.965592955458,32.2666041648462,3,FOUR_WAY_INTERSECTION,OTHER_97,TUCSON,2013-11-14 17:04:00,SPEED_TOO_FAST_FOR_CONDITIONS,NO_IMPROPER_ACTION
2778923,2,ANGLE_FRONT_TO_SIDE,-110.931237667976,31.3686122667091,2,NOT_REPORTED_255,ANGLE_FRONT_TO_SIDE,NOGALES,2013-11-19 09:52:00,OTHER_97,INATTENTION_DISTRACTION
2778944,2,ANGLE_FRONT_TO_SIDE,-110.87515561298,32.2169250583496,3,FOUR_WAY_INTERSECTION,ANGLE_FRONT_TO_SIDE,TUCSON,2013-11-04 08:50:00,DROVE_RODE_IN_OPPOSING_TRAFFIC_LANE,NO_IMPROPER_ACTION
2778967,2,OTHER_97,-110.943779180512,32.2775335724071,2,NOT_AT_INTERSECTION_0,OTHER_97,TUCSON,2013-11-04 15:36:00,UNKNOWN_99,UNKNOWN_99+NOT_APPLICABLE_MINUS_1
2779139,2,ANGLE_FRONT_TO_SIDE,-110.875176372414,32.2434606093486,3,UNKNOWN_99,ANGLE_FRONT_TO_SIDE,TUCSON,2013-10-19 11:24:00,NO_IMPROPER_ACTION,FAILED_TO_YIELD_RIGHT_OF_WAY_103
2779218,3,ANGLE_FRONT_TO_SIDE,-112.158206410365,33.4804839729858,3,FOUR_WAY_INTERSECTION,ANGLE_FRONT_TO_SIDE,PHOENIX,2013-11-24 18:30:00,DID_NOT_USE_CROSSWALK,NO_IMPROPER_ACTION+NOT_APPLICABLE_MINUS_1+NOT_APPLICABLE_MINUS_1+NO_IMPROPER_ACTION
2779364,2,UNKNOWN_99,-110.972030658235,32.2647558419813,2,FOUR_WAY_INTERSECTION,UNKNOWN_99,TUCSON,2013-11-09 14:06:00,UNKNOWN_99,UNKNOWN_99
2779376,2,OTHER_97,-110.823610541677,32.1845984322506,3,FOUR_WAY_INTERSECTION,OTHER_97,TUCSON,2013-11-09 09:29:00,MADE_IMPROPER_TURN,NO_IMPROPER_ACTION
2779396,2,OTHER_97,-111.805518178441,33.3889501720902,3,FOUR_WAY_INTERSECTION,OTHER_97,MESA,2013-09-26 15:43:00,NO_IMPROPER_ACTION,UNKNOWN_99
2779404,2,LEFT_TURN,-111.711491393724,33.4155767738293,3,NOT_AT_INTERSECTION_0,LEFT_TURN,MESA,2013-09-30 18:55:00,NO_IMPROPER_ACTION,NO_IMPROPER_ACTION
2779469,2,ANGLE_FRONT_TO_SIDE,-111.839340994833,33.4078831078934,3,UNKNOWN_99,ANGLE_FRONT_TO_SIDE,MESA,2013-10-31 14:20:00,DROVE_RODE_IN_OPPOSING_TRAFFIC_LANE,NO_IMPROPER_ACTION
2779473,2,OTHER_97,-111.868900514879,33.3786368108222,4,FOUR_WAY_INTERSECTION,OTHER_97,MESA,2013-10-30 09:17:00,DISREGARDED_TRAFFIC_SIGNAL,NOT_APPLICABLE_MINUS_1+NO_IMPROPER_ACTION+NOT_APPLICABLE_MINUS_1