IncidentID,num_vehicles_involved,eCollisionManner,Longitude,Latitude,InjurySeverity,eIntersectionType,eCollisionManner,city_name,IncidentDateTime,cyclist_citations,driver_citations
2682035,2,SIDESWIPE_SAME_DIRECTION,-114.615935659883,32.683737180183,3,UNKNOWN_99,SIDESWIPE_SAME_DIRECTION,YUMA,2013-01-07 13:59:00,SPEED_TOO_FAST_FOR_CONDITIONS,NO_IMPROPER_ACTION+NOT_APPLICABLE_MINUS_1+NOT_APPLICABLE_MINUS_1
2682596,2,LEFT_TURN,-114.624566326256,32.7142800117022,4,FOUR_WAY_INTERSECTION,LEFT_TURN,YUMA,2013-01-04 11:47:00,NO_IMPROPER_ACTION,FAILED_TO_YIELD_RIGHT_OF_WAY_103
2690530,2,ANGLE_FRONT_TO_SIDE,-114.334113512692,34.4631802383151,2,T_INTERSECTION,ANGLE_FRONT_TO_SIDE,LAKE HAVASU CITY,2013-01-25 13:22:00,INATTENTION_DISTRACTION,INATTENTION_DISTRACTION
2691840,2,ANGLE_FRONT_TO_SIDE,-114.321126209213,34.4744137644037,4,FOUR_WAY_INTERSECTION,ANGLE_FRONT_TO_SIDE,LAKE HAVASU CITY,2013-02-01 16:22:00,FAILED_TO_YIELD_RIGHT_OF_WAY_103,NO_IMPROPER_ACTION
2693044,2,ANGLE_FRONT_TO_SIDE,-114.653321133008,32.6985059429389,3,UNKNOWN_99,ANGLE_FRONT_TO_SIDE,YUMA,2013-02-08 16:49:00,OTHER_97,NO_IMPROPER_ACTION
2696952,2,ANGLE_FRONT_TO_SIDE,-114.62740964926,35.1026081891365,3,FOUR_WAY_INTERSECTION,ANGLE_FRONT_TO_SIDE,BULLHEAD CITY,2013-02-05 16:56:00,INATTENTION_DISTRACTION,INATTENTION_DISTRACTION
2697109,2,ANGLE_FRONT_TO_SIDE,-114.217081129405,33.6785862851791,2,UNKNOWN_99,ANGLE_FRONT_TO_SIDE,QUARTZSITE,2013-02-01 14:43:00,INATTENTION_DISTRACTION,FAILED_TO_YIELD_RIGHT_OF_WAY_103
2698763,2,OTHER_97,-114.787186973692,32.4942183210529,3,FOUR_WAY_INTERSECTION,OTHER_97,SAN LUIS,2013-02-10 12:58:00,UNKNOWN_99,NO_IMPROPER_ACTION
2699972,2,ANGLE_FRONT_TO_SIDE,-114.024828636412,35.2248967039791,3,FOUR_WAY_INTERSECTION,ANGLE_FRONT_TO_SIDE,KINGMAN,2013-02-27 17:52:00,OTHER_97,NOT_APPLICABLE_MINUS_1+NO_IMPROPER_ACTION+NOT_APPLICABLE_MINUS_1
2707944,3,ANGLE_FRONT_TO_SIDE,-114.495656300646,32.6703447350317,3,FOUR_WAY_INTERSECTION,ANGLE_FRONT_TO_SIDE,YUMA,2013-03-09 10:58:00,NO_IMPROPER_ACTION+NO_IMPROPER_ACTION,FAILED_TO_YIELD_RIGHT_OF_WAY_103
2708516,2,ANGLE_FRONT_TO_SIDE,-114.628876170307,32.6985182377045,3,T_INTERSECTION,ANGLE_FRONT_TO_SIDE,YUMA,2013-03-13 16:17:00,DROVE_RODE_IN_OPPOSING_TRAFFIC_LANE,NO_IMPROPER_ACTION
2709682,2,ANGLE_FRONT_TO_SIDE,-114.62024653232,32.6949743997987,3,FOUR_WAY_INTERSECTION,ANGLE_FRONT_TO_SIDE,YUMA,2013-03-14 09:57:00,NO_IMPROPER_ACTION,RAN_STOP_SIGN
2712581,2,ANGLE_FRONT_TO_SIDE,-114.612967438494,35.1074822415312,2,NOT_REPORTED_255,ANGLE_FRONT_TO_SIDE,BULLHEAD CITY,2013-03-30 10:28:00,DROVE_RODE_IN_OPPOSING_TRAFFIC_LANE,NO_IMPROPER_ACTION+NOT_APPLICABLE_MINUS_1
2713377,2,SIDESWIPE_OPPOSITE_DIRECTION,-114.340776124568,34.5166640501361,3,T_INTERSECTION,SIDESWIPE_OPPOSITE_DIRECTION,LAKE HAVASU CITY,2013-04-09 14:38:00,NO_IMPROPER_ACTION,DISREGARDED_PAVEMENT_MARKINGS
2715820,2,OTHER_97,-114.196787299176,34.4168243600471,5,NOT_AT_INTERSECTION_0,OTHER_97,UNSPECIFIED_999,2013-03-11 10:50:00,MADE_IMPROPER_TURN,NO_IMPROPER_ACTION
2718513,2,ANGLE_FRONT_TO_SIDE,-114.012602659569,35.2539046743612,1,NOT_AT_INTERSECTION_0,ANGLE_FRONT_TO_SIDE,UNSPECIFIED_999,2013-03-21 16:48:00,DID_NOT_USE_CROSSWALK,NO_IMPROPER_ACTION
2720085,2,ANGLE_FRONT_TO_SIDE,-114.03702376301,35.2318311927395,4,FOUR_WAY_INTERSECTION,ANGLE_FRONT_TO_SIDE,KINGMAN,2013-05-04 22:43:00,DISREGARDED_TRAFFIC_SIGNAL,UNKNOWN_99
2724760,2,ANGLE_FRONT_TO_SIDE,-114.030543039947,35.1958549940449,3,T_INTERSECTION,ANGLE_FRONT_TO_SIDE,KINGMAN,2013-05-13 10:27:00,NO_IMPROPER_ACTION,FAILED_TO_YIELD_RIGHT_OF_WAY_103
2725743,2,ANGLE_FRONT_TO_SIDE,-114.338385229814,34.4688012477611,3,FOUR_WAY_INTERSECTION,ANGLE_FRONT_TO_SIDE,LAKE HAVASU CITY,2013-05-22 09:25:00,INATTENTION_DISTRACTION,INATTENTION_DISTRACTION
2725971,2,ANGLE_FRONT_TO_SIDE,-114.620251240285,32.6894292248496,2,T_INTERSECTION,ANGLE_FRONT_TO_SIDE,YUMA,2013-04-27 17:45:00,RAN_STOP_SIGN,NO_IMPROPER_ACTION
2731533,2,ANGLE_FRONT_TO_SIDE,-114.598695547812,32.6800288718752,2,FOUR_WAY_INTERSECTION,ANGLE_FRONT_TO_SIDE,YUMA,2013-05-17 10:56:00,OTHER_97,OTHER_97
2732566,2,SIDESWIPE_SAME_DIRECTION,-114.035099691283,35.1907296421998,2,NOT_AT_INTERSECTION_0,SIDESWIPE_SAME_DIRECTION,KINGMAN,2013-05-16 21:55:00,NO_IMPROPER_ACTION,INATTENTION_DISTRACTION
2732991,3,ANGLE_FRONT_TO_SIDE,-114.292684207046,34.4767377268785,4,T_INTERSECTION,ANGLE_FRONT_TO_SIDE,LAKE HAVASU CITY,2013-06-12 18:59:00,FAILED_TO_YIELD_RIGHT_OF_WAY_103+FAILED_TO_YIELD_RIGHT_OF_WAY_103,NO_IMPROPER_ACTION
2738537,2,ANGLE_FRONT_TO_SIDE,-114.621546880473,32.6766263730712,3,NOT_AT_INTERSECTION_0,ANGLE_FRONT_TO_SIDE,YUMA,2013-06-26 11:37:00,FAILED_TO_YIELD_RIGHT_OF_WAY_103,NO_IMPROPER_ACTION
2741499,2,ANGLE_FRONT_TO_SIDE,-114.633272183581,32.6985082063603,3,FOUR_WAY_INTERSECTION,ANGLE_FRONT_TO_SIDE,YUMA,2013-06-23 08:24:00,DISREGARDED_TRAFFIC_SIGNAL,NO_IMPROPER_ACTION
2743289,2,LEFT_TURN,-114.584407323003,35.1221079482928,2,T_INTERSECTION,LEFT_TURN,BULLHEAD CITY,2013-02-05 13:54:00,NO_IMPROPER_ACTION,FAILED_TO_YIELD_RIGHT_OF_WAY_103
2746467,2,SIDESWIPE_SAME_DIRECTION,-114.035394857718,35.2162876675528,1,UNKNOWN_99,SIDESWIPE_SAME_DIRECTION,KINGMAN,2013-08-01 12:37:00,NO_IMPROPER_ACTION,NOT_APPLICABLE_MINUS_1+NO_IMPROPER_ACTION
2746740,2,LEFT_TURN,-114.556271849284,32.6552849554308,3,NOT_REPORTED_255,LEFT_TURN,YUMA,2013-08-01 07:21:00,NO_IMPROPER_ACTION,FAILED_TO_YIELD_RIGHT_OF_WAY_103
2748952,2,ANGLE_FRONT_TO_SIDE,-114.033389712352,35.2249422798921,3,NOT_AT_INTERSECTION_0,ANGLE_FRONT_TO_SIDE,KINGMAN,2013-08-07 18:48:00,OTHER_97,NO_IMPROPER_ACTION
2752399,2,ANGLE_FRONT_TO_SIDE,-114.624659753476,32.6949036720524,3,FOUR_WAY_INTERSECTION,ANGLE_FRONT_TO_SIDE,YUMA,2013-08-08 11:24:00,OTHER_97,NOT_APPLICABLE_MINUS_1+NO_IMPROPER_ACTION
2762104,2,ANGLE_FRONT_TO_SIDE,-114.322107026126,34.4863908230427,3,T_INTERSECTION,ANGLE_FRONT_TO_SIDE,LAKE HAVASU CITY,2013-09-09 15:48:00,UNKNOWN_99,UNKNOWN_99
2763111,2,ANGLE_FRONT_TO_SIDE,-114.622578704365,32.6985204174228,3,FOUR_WAY_INTERSECTION,ANGLE_FRONT_TO_SIDE,YUMA,2013-09-07 20:07:00,OTHER_97,NO_IMPROPER_ACTION
2763169,2,OTHER_97,-114.620247210363,32.6948802662878,3,FOUR_WAY_INTERSECTION,OTHER_97,YUMA,2013-07-10 16:41:00,RAN_STOP_SIGN,NO_IMPROPER_ACTION
2771476,2,ANGLE_FRONT_TO_SIDE,-114.03516212746,35.2142566661519,2,NOT_REPORTED_255,ANGLE_FRONT_TO_SIDE,KINGMAN,2013-10-16 16:14:00,OTHER_97,NO_IMPROPER_ACTION
2772314,2,OTHER_97,-114.318334051275,34.5051179410497,4,NOT_AT_INTERSECTION_0,OTHER_97,LAKE HAVASU CITY,2013-10-22 11:30:00,OTHER_97,SPEED_TOO_FAST_FOR_CONDITIONS+NOT_APPLICABLE_MINUS_1
2778364,2,OTHER_97,-114.025708894683,35.2539773561113,2,NOT_REPORTED_255,OTHER_97,UNSPECIFIED_999,2013-10-18 15:19:00,INATTENTION_DISTRACTION,NO_IMPROPER_ACTION
2780292,2,ANGLE_FRONT_TO_SIDE,-114.344183857998,34.4741543457692,1,FOUR_WAY_INTERSECTION,ANGLE_FRONT_TO_SIDE,LAKE HAVASU CITY,2013-11-17 18:28:00,DISREGARDED_TRAFFIC_SIGNAL,NO_IMPROPER_ACTION
2780982,2,LEFT_TURN,-114.631246776398,35.1012094005022,3,T_INTERSECTION,LEFT_TURN,BULLHEAD CITY,2013-06-10 08:47:00,UNKNOWN_99,NOT_APPLICABLE_MINUS_1+NOT_APPLICABLE_MINUS_1+NOT_APPLICABLE_MINUS_1+FAILED_TO_YIELD_RIGHT_OF_WAY_103
2781014,2,ANGLE_FRONT_TO_SIDE,-114.584096407015,35.1222079906573,2,UNKNOWN_99,ANGLE_FRONT_TO_SIDE,BULLHEAD CITY,2013-06-21 13:05:00,DROVE_RODE_IN_OPPOSING_TRAFFIC_LANE,NO_IMPROPER_ACTION
2781877,2,ANGLE_FRONT_TO_SIDE,-114.037813135437,35.2395200045913,3,UNKNOWN_99,ANGLE_FRONT_TO_SIDE,KINGMAN,2013-10-24 07:33:00,DROVE_RODE_IN_OPPOSING_TRAFFIC_LANE,NO_IMPROPER_ACTION
2786406,2,ANGLE_FRONT_TO_SIDE,-114.624650052403,32.7026829600785,3,NOT_AT_INTERSECTION_0,ANGLE_FRONT_TO_SIDE,YUMA,2013-03-01 15:22:00,DROVE_RODE_IN_OPPOSING_TRAFFIC_LANE,FAILED_TO_YIELD_RIGHT_OF_WAY_103
2787366,2,ANGLE_FRONT_TO_SIDE,-114.633205058659,32.6839647874219,3,FOUR_WAY_INTERSECTION,ANGLE_FRONT_TO_SIDE,YUMA,2013-10-31 07:32:00,OTHER_97,OTHER_97+NOT_APPLICABLE_MINUS_1
2787447,2,ANGLE_FRONT_TO_SIDE,-114.62462830365,32.6876230972474,2,FOUR_WAY_INTERSECTION,ANGLE_FRONT_TO_SIDE,YUMA,2013-11-14 16:05:00,FAILED_TO_YIELD_RIGHT_OF_WAY_103,NO_IMPROPER_ACTION
2790031,2,ANGLE_FRONT_TO_SIDE,-114.59652715529,35.0859338517076,3,FOUR_WAY_INTERSECTION,ANGLE_FRONT_TO_SIDE,BULLHEAD CITY,2013-08-29 16:30:00,RAN_STOP_SIGN,NO_IMPROPER_ACTION
2791558,2,ANGLE_FRONT_TO_SIDE,-114.568940202833,35.1442980700989,2,NOT_AT_INTERSECTION_0,ANGLE_FRONT_TO_SIDE,BULLHEAD CITY,2013-10-03 12:42:00,INATTENTION_DISTRACTION,NOT_APPLICABLE_MINUS_1+NO_IMPROPER_ACTION
2797707,2,OTHER_97,-114.650437695477,32.7174429796089,2,UNKNOWN_99,OTHER_97,UNSPECIFIED_999,2013-12-25 18:46:00,NO_IMPROPER_ACTION,UNKNOWN_99
2797941,2,ANGLE_FRONT_TO_SIDE,-114.667442882788,32.7160896145751,2,T_INTERSECTION,ANGLE_FRONT_TO_SIDE,UNSPECIFIED_999,2013-12-31 16:18:00,FAILED_TO_YIELD_RIGHT_OF_WAY_103,FAILED_TO_YIELD_RIGHT_OF_WAY_103
2805356,2,OTHER_97,-114.297065173928,34.1581597159672,4,NOT_AT_INTERSECTION_0,OTHER_97,PARKER,2013-05-16 00:23:00,NO_IMPROPER_ACTION,UNKNOWN_99
2807030,2,ANGLE_FRONT_TO_SIDE,-114.778033477231,32.4920487881288,1,FOUR_WAY_INTERSECTION,ANGLE_FRONT_TO_SIDE,SAN LUIS,2013-11-07 16:40:00,SPEED_TOO_FAST_FOR_CONDITIONS,NO_IMPROPER_ACTION